mu,ar,ma,arfima,archm,mxreg,omega,alpha,beta,gamma,eta1,eta2,delta,lambda,vxreg,skew,shape,ghlambda,xi,aux,aux,aux,distribution,distno,vmodel,tick,label
1,0,0,0,0,0,1,1,1,0,0,0,0,0,0,0,1,0,0,0,3,,std,3,sGARCH,A,2002
1,2,0,0,0,0,1,1,1,0,0,0,0,0,0,0,1,0,0,0,3,,std,3,sGARCH,AAPL,2002
1,2,2,0,0,0,1,1,1,0,0,0,0,0,0,0,1,0,0,0,3,,std,3,sGARCH,ABT,2002
1,0,0,0,0,0,1,1,1,0,0,0,0,0,0,0,1,0,0,0,3,,std,3,sGARCH,ACGL,2002
1,0,0,0,0,0,1,2,1,0,0,0,0,0,0,0,1,0,0,0,3,,std,3,sGARCH,ACN,2002
1,0,0,0,0,0,1,1,2,1,0,0,0,0,0,0,1,0,0,0,3,,std,3,gjrGARCH,ADBE,2002
1,0,0,0,0,0,1,1,1,0,0,0,0,0,0,0,1,0,0,0,3,,std,3,sGARCH,ADI,2002
1,0,0,0,0,0,1,1,1,0,0,0,0,0,0,0,1,0,0,0,3,,std,3,sGARCH,ADM,2002
1,0,1,0,0,0,1,1,1,0,0,0,0,0,0,0,1,0,0,0,3,,std,3,sGARCH,ADP,2002
1,0,0,0,0,0,1,1,1,0,0,0,0,0,0,0,1,0,0,0,3,,std,3,sGARCH,ADSK,2002
1,0,1,0,0,0,1,1,1,0,0,0,0,0,0,0,1,0,0,0,3,,std,3,sGARCH,AEE,2002
1,0,0,0,0,0,1,1,1,0,0,0,0,0,0,0,1,0,0,0,3,,std,3,sGARCH,AEP,2002
1,0,1,0,0,0,1,1,1,0,0,0,0,0,0,0,1,0,0,0,3,,std,3,sGARCH,AES,2002
1,2,3,0,0,0,1,1,1,0,0,0,0,0,0,1,1,0,0,0,4,,sstd,4,sGARCH,AFL,2002
1,0,0,0,0,0,1,1,1,1,0,0,0,0,0,0,1,0,0,0,3,,std,3,gjrGARCH,AIG,2002
1,1,2,0,0,0,1,1,1,0,0,0,0,0,0,0,1,0,0,0,3,,std,3,sGARCH,AJG,2002
1,0,1,0,0,0,1,1,1,0,0,0,0,0,0,0,1,0,0,0,3,,std,3,sGARCH,AKAM,2002
1,1,0,0,0,0,1,1,1,0,0,0,0,0,0,0,1,0,0,0,3,,std,3,sGARCH,ALB,2002
1,0,0,0,0,0,1,1,1,0,0,0,0,0,0,0,1,0,0,0,3,,std,3,sGARCH,ALGN,2002
1,0,1,0,0,0,1,1,1,0,0,0,0,0,0,0,1,0,0,0,3,,std,3,sGARCH,ALK,2002
1,0,0,0,0,0,1,1,1,0,0,0,0,0,0,0,1,0,0,0,3,,std,3,sGARCH,ALL,2002
1,0,1,0,0,0,1,2,1,0,0,0,0,0,0,1,1,0,0,0,4,,sstd,4,sGARCH,AMAT,2002
1,3,0,0,0,0,1,1,1,0,0,0,0,0,0,0,1,0,0,0,3,,std,3,sGARCH,AMD,2002
1,0,0,0,0,0,1,1,1,0,0,0,0,0,0,0,1,0,0,0,3,,std,3,sGARCH,AME,2002
1,0,0,0,0,0,1,1,1,0,0,0,0,0,0,0,1,0,0,0,3,,std,3,sGARCH,AMGN,2002
1,0,3,0,0,0,1,1,1,0,0,0,0,0,0,0,1,0,0,0,3,,std,3,sGARCH,AMT,2002
1,0,0,0,0,0,1,1,1,0,0,0,0,0,0,0,1,0,0,0,3,,std,3,sGARCH,AMZN,2002
1,0,0,0,0,0,1,1,1,0,0,0,0,0,0,0,1,0,0,0,3,,std,3,sGARCH,ANSS,2002
1,0,0,0,0,0,1,1,1,0,0,0,0,0,0,0,1,0,0,0,3,,std,3,sGARCH,AON,2002
1,0,0,0,0,0,1,2,2,2,0,0,0,0,0,0,1,0,0,0,3,,std,3,gjrGARCH,AOS,2002
1,0,0,0,0,0,1,2,2,0,0,0,0,0,0,0,1,0,0,0,3,,std,3,sGARCH,APA,2002
1,0,1,0,0,0,1,1,1,0,0,0,0,0,0,0,1,0,0,0,3,,std,3,sGARCH,APD,2002
1,0,0,0,0,0,1,1,2,0,0,0,0,0,0,0,1,0,0,0,3,,std,3,sGARCH,APH,2002
1,0,0,0,0,0,1,1,1,0,0,0,0,0,0,0,1,0,0,0,3,,std,3,sGARCH,ARE,2002
1,0,1,0,0,0,1,1,2,0,0,0,0,0,0,0,1,0,0,0,3,,std,3,sGARCH,ATO,2002
1,0,0,0,0,0,1,2,2,2,0,0,0,0,0,0,1,0,0,0,3,,std,3,gjrGARCH,ATVI,2002
1,0,1,0,0,0,1,1,1,0,0,0,0,0,0,0,1,0,0,0,3,,std,3,sGARCH,AVB,2002
1,0,0,0,0,0,1,1,1,1,0,0,0,0,0,0,1,0,0,0,3,,std,3,gjrGARCH,AVY,2002
1,0,1,0,0,0,1,1,1,0,0,0,0,0,0,0,1,0,0,0,3,,std,3,sGARCH,AXON,2002
1,0,0,0,0,0,1,1,1,0,0,0,0,0,0,0,1,0,0,0,3,,std,3,sGARCH,AXP,2002
1,2,0,0,0,0,1,1,2,0,0,0,0,0,0,1,1,0,0,0,4,,sstd,4,sGARCH,AZO,2002
1,0,0,0,0,0,1,1,1,0,0,0,0,0,0,0,1,0,0,0,3,,std,3,sGARCH,BA,2002
1,0,0,0,0,0,1,1,1,0,0,0,0,0,0,0,1,0,0,0,3,,std,3,sGARCH,BAC,2002
1,0,0,0,0,0,1,1,1,0,0,0,0,0,0,0,1,0,0,0,3,,std,3,sGARCH,BALL,2002
1,0,0,0,0,0,1,1,1,0,0,0,0,0,0,0,1,0,0,0,3,,std,3,sGARCH,BAX,2002
1,0,0,0,0,0,1,1,1,0,0,0,0,0,0,0,1,0,0,0,3,,std,3,sGARCH,BBWI,2002
1,4,2,0,0,0,1,1,1,0,0,0,0,0,0,0,1,0,0,0,3,,std,3,sGARCH,BBY,2002
1,0,0,0,0,0,1,1,1,0,0,0,0,0,0,0,1,0,0,0,3,,std,3,sGARCH,BDX,2002
1,0,0,0,0,0,1,1,1,0,0,0,0,0,0,0,1,0,0,0,3,,std,3,sGARCH,BEN,2002
1,0,0,0,0,0,1,1,1,0,1,1,0,0,0,0,1,0,0,0,3,,std,3,csGARCH,BG,2002
1,0,0,0,0,0,1,1,1,0,0,0,0,0,0,0,1,0,0,0,3,,std,3,sGARCH,BIIB,2002
1,0,0,0,0,0,1,1,1,0,0,0,0,0,0,0,1,0,0,0,3,,std,3,sGARCH,BIO,2002
1,0,0,0,0,0,1,1,1,1,0,0,0,0,0,0,1,0,0,0,3,,std,3,gjrGARCH,BK,2002
1,0,0,0,0,0,1,2,1,2,0,0,0,0,0,0,1,0,0,0,3,,std,3,gjrGARCH,BKNG,2002
1,0,0,0,0,0,1,1,1,0,0,0,0,0,0,0,1,0,0,0,3,,std,3,sGARCH,BLK,2002
1,0,0,0,0,0,1,1,1,0,0,0,0,0,0,0,1,0,0,0,3,,std,3,sGARCH,BMY,2002
1,0,0,0,0,0,1,1,1,0,0,0,0,0,0,0,1,0,0,0,3,,std,3,sGARCH,BRK.B,2002
1,0,0,0,0,0,1,1,1,0,0,0,0,0,0,0,1,0,0,0,3,,std,3,sGARCH,BRO,2002
1,1,0,0,0,0,1,1,1,0,0,0,0,0,0,0,1,0,0,0,3,,std,3,sGARCH,BSX,2002
1,0,0,0,0,0,1,1,1,0,0,0,0,0,0,0,1,0,0,0,3,,std,3,sGARCH,BWA,2002
1,0,1,0,0,0,1,1,1,0,0,0,0,0,0,0,1,0,0,0,3,,std,3,sGARCH,BXP,2002
1,0,0,0,0,0,1,1,1,1,0,0,0,0,0,0,1,0,0,0,3,,std,3,gjrGARCH,C,2002
1,0,0,0,0,0,1,2,1,0,0,0,0,0,0,0,1,0,0,0,3,,std,3,sGARCH,CAG,2002
1,0,0,0,0,0,1,1,1,0,0,0,0,0,0,0,1,0,0,0,3,,std,3,sGARCH,CAH,2002
1,0,0,0,0,0,1,1,1,0,0,0,0,0,0,1,1,0,0,0,4,,sstd,4,sGARCH,CAT,2002
1,0,0,0,0,0,1,1,1,0,0,0,0,0,0,0,1,0,0,0,3,,std,3,sGARCH,CB,2002
1,0,0,0,0,0,1,1,1,0,0,0,0,0,0,0,1,0,0,0,3,,std,3,sGARCH,CCI,2002
1,0,0,0,0,0,1,2,1,0,0,0,0,0,0,0,1,0,0,0,3,,std,3,sGARCH,CCL,2002
1,0,0,0,0,0,1,1,1,0,0,0,0,0,0,0,1,0,0,0,3,,std,3,sGARCH,CDNS,2002
1,0,0,0,0,0,1,1,1,0,0,0,0,0,0,0,1,0,0,0,3,,std,3,sGARCH,CHD,2002
1,0,0,0,0,0,1,2,2,0,0,0,0,0,0,0,1,0,0,0,3,,std,3,sGARCH,CHRW,2002
1,0,0,0,0,0,1,1,1,0,0,0,0,0,0,0,1,0,0,0,3,,std,3,sGARCH,CI,2002
1,0,0,0,0,0,1,1,1,0,0,0,0,0,0,0,1,0,0,0,3,,std,3,sGARCH,CINF,2002
1,0,0,0,0,0,1,1,1,0,0,0,0,0,0,0,1,0,0,0,3,,std,3,sGARCH,CL,2002
1,0,0,0,0,0,1,1,1,0,0,0,0,0,0,0,1,0,0,0,3,,std,3,sGARCH,CLX,2002
1,0,0,0,0,0,1,1,1,0,0,0,0,0,0,0,1,0,0,0,3,,std,3,sGARCH,CMA,2002
1,0,0,0,0,0,1,2,1,0,0,0,0,0,0,0,1,0,0,0,3,,std,3,sGARCH,CMCSA,2002
1,0,0,0,0,0,1,1,1,0,0,0,0,0,0,0,1,0,0,0,3,,std,3,sGARCH,CMI,2002
1,2,2,0,0,0,1,1,1,0,0,0,0,0,0,0,1,0,0,0,3,,std,3,sGARCH,CMS,2002
1,0,0,0,0,0,1,1,1,0,0,0,0,0,0,0,1,0,0,0,3,,std,3,sGARCH,CNC,2002
1,2,2,0,0,0,1,1,1,0,0,0,0,0,0,0,1,0,0,0,3,,std,3,sGARCH,CNP,2002
1,2,2,0,0,0,1,1,2,0,0,0,0,0,0,0,1,0,0,0,3,,std,3,sGARCH,COF,2002
1,0,0,0,0,0,1,1,1,0,0,0,0,0,0,0,1,0,0,0,3,,std,3,sGARCH,COO,2002
1,0,0,0,0,0,1,1,1,0,0,0,0,0,0,0,1,0,0,0,3,,std,3,sGARCH,COP,2002
1,0,0,0,0,0,1,1,1,0,0,0,0,0,0,0,1,0,0,0,3,,std,3,sGARCH,COR,2002
1,0,1,0,0,0,1,2,1,0,0,0,0,0,0,0,1,0,0,0,3,,std,3,sGARCH,COST,2002
1,0,1,0,0,0,1,1,1,0,0,0,0,0,0,0,1,0,0,0,3,,std,3,sGARCH,CPB,2002
1,0,0,0,0,0,1,1,1,1,0,0,0,0,0,0,1,0,0,0,3,,std,3,gjrGARCH,CPRT,2002
1,3,2,0,0,0,1,1,2,0,0,0,0,0,0,0,1,0,0,0,3,,std,3,sGARCH,CPT,2002
1,0,0,0,0,0,1,1,1,0,0,0,0,0,0,0,1,0,0,0,3,,std,3,sGARCH,CRL,2002
1,2,0,0,0,0,1,1,1,0,0,0,0,0,0,0,1,0,0,0,3,,std,3,sGARCH,CSCO,2002
1,0,0,0,0,0,1,1,2,0,0,0,0,0,0,0,1,0,0,0,3,,std,3,sGARCH,CSGP,2002
1,2,0,0,0,0,1,1,1,0,0,0,0,0,0,0,1,0,0,0,3,,std,3,sGARCH,CSX,2002
1,1,0,0,0,0,1,1,1,0,0,0,0,0,0,0,1,0,0,0,3,,std,3,sGARCH,CTAS,2002
1,2,2,0,0,0,1,1,1,0,0,0,0,0,0,0,1,0,0,0,3,,std,3,sGARCH,CTRA,2002
1,0,0,0,0,0,1,1,2,0,0,0,0,0,0,1,1,0,0,0,4,,sstd,4,sGARCH,CTSH,2002
1,0,0,0,0,0,1,1,1,0,0,0,0,0,0,0,1,0,0,0,3,,std,3,sGARCH,CVS,2002
1,0,0,0,0,0,1,1,1,0,0,0,0,0,0,0,1,0,0,0,3,,std,3,sGARCH,CVX,2002
1,1,1,0,0,0,1,1,1,0,0,0,0,0,0,0,1,0,0,0,3,,std,3,sGARCH,D,2002
1,0,0,0,0,0,1,1,1,0,0,0,0,0,0,0,1,0,0,0,3,,std,3,sGARCH,DD,2002
1,0,0,0,0,0,1,1,1,0,0,0,0,0,0,0,1,0,0,0,3,,std,3,sGARCH,DE,2002
1,0,0,0,0,0,1,2,1,0,0,0,0,0,0,0,1,0,0,0,3,,std,3,sGARCH,DGX,2002
1,0,0,0,0,0,1,2,1,0,0,0,0,0,0,0,1,0,0,0,3,,std,3,sGARCH,DHI,2002
1,0,0,0,0,0,1,2,1,0,0,0,0,0,0,0,1,0,0,0,3,,std,3,sGARCH,DHR,2002
1,0,0,0,0,0,1,1,1,0,0,0,0,0,0,0,1,0,0,0,3,,std,3,sGARCH,DIS,2002
1,0,0,0,0,0,1,1,1,0,0,0,0,0,0,0,1,0,0,0,3,,std,3,sGARCH,DLTR,2002
1,0,1,0,0,0,1,2,1,2,0,0,0,0,0,1,1,0,0,0,4,,sstd,4,gjrGARCH,DOV,2002
1,0,0,0,0,0,1,1,1,0,0,0,0,0,0,0,1,0,0,0,3,,std,3,sGARCH,DRI,2002
1,2,2,0,0,0,1,1,1,0,0,0,0,0,0,0,1,0,0,0,3,,std,3,sGARCH,DTE,2002
1,0,0,0,0,0,1,1,2,0,0,0,0,0,0,0,1,0,0,0,3,,std,3,sGARCH,DUK,2002
1,0,0,0,0,0,1,1,1,0,0,0,0,0,0,0,1,0,0,0,3,,std,3,sGARCH,DVA,2002
1,0,0,0,0,0,1,1,1,0,0,0,0,0,0,0,1,0,0,0,3,,std,3,sGARCH,DVN,2002
1,0,0,0,0,0,1,1,1,1,0,0,0,0,0,0,1,0,0,0,3,,std,3,gjrGARCH,EA,2002
1,0,0,0,0,0,1,1,1,0,0,0,0,0,0,0,1,0,0,0,3,,std,3,sGARCH,EBAY,2002
1,0,0,0,0,0,1,2,2,0,0,0,0,0,0,0,1,0,0,0,3,,std,3,sGARCH,ECL,2002
1,0,0,0,0,0,1,1,1,0,0,0,0,0,0,0,1,0,0,0,3,,std,3,sGARCH,ED,2002
1,0,0,0,0,0,1,1,1,0,0,0,0,0,0,0,1,0,0,0,3,,std,3,sGARCH,EFX,2002
1,0,0,0,0,0,1,1,1,0,0,0,0,0,0,0,1,0,0,0,3,,std,3,sGARCH,EG,2002
1,0,1,0,0,0,1,1,1,0,0,0,0,0,0,0,1,0,0,0,3,,std,3,sGARCH,EIX,2002
1,0,0,0,0,0,1,1,1,0,0,0,0,0,0,0,1,0,0,0,3,,std,3,sGARCH,EL,2002
1,0,2,0,0,0,1,1,1,0,0,0,0,0,0,0,1,0,0,0,3,,std,3,sGARCH,ELV,2002
1,0,0,0,0,0,1,1,1,0,0,0,0,0,0,0,1,0,0,0,3,,std,3,sGARCH,EMN,2002
1,0,0,0,0,0,1,2,2,2,0,0,0,0,0,0,1,0,0,0,3,,std,3,gjrGARCH,EMR,2002
1,0,0,0,0,0,1,2,1,0,0,0,0,0,0,0,1,0,0,0,3,,std,3,sGARCH,EOG,2002
1,0,0,0,0,0,1,1,1,0,0,0,0,0,0,0,1,0,0,0,3,,std,3,sGARCH,EQIX,2002
1,2,0,0,0,0,1,1,1,0,0,0,0,0,0,0,1,0,0,0,3,,std,3,sGARCH,EQR,2002
1,1,1,0,0,0,1,1,1,0,0,0,0,0,0,0,1,0,0,0,3,,std,3,sGARCH,EQT,2002
1,0,0,0,0,0,1,1,1,0,0,0,0,0,0,1,1,0,0,0,4,,sstd,4,sGARCH,ES,2002
1,0,0,0,0,0,1,1,1,0,0,0,0,0,0,0,1,0,0,0,3,,std,3,sGARCH,ESS,2002
1,0,2,0,0,0,1,1,1,0,0,0,0,0,0,0,1,0,0,0,3,,std,3,sGARCH,ETN,2002
1,2,1,0,0,0,1,1,1,1,0,0,0,0,0,0,1,0,0,0,3,,std,3,gjrGARCH,ETR,2002
1,1,1,0,0,0,1,1,1,0,0,0,0,0,0,0,1,0,0,0,3,,std,3,sGARCH,EW,2002
1,0,0,0,0,0,1,2,1,2,0,0,0,0,0,0,1,0,0,0,3,,std,3,gjrGARCH,EXC,2002
1,1,1,0,0,0,1,1,2,0,0,0,0,0,0,0,1,0,0,0,3,,std,3,sGARCH,EXPD,2002
1,0,0,0,0,0,1,1,1,0,0,0,0,0,0,0,1,0,0,0,3,,std,3,sGARCH,F,2002
1,0,0,0,0,0,1,1,1,1,0,0,0,0,0,0,1,0,0,0,3,,std,3,gjrGARCH,FAST,2002
1,0,0,0,0,0,1,1,1,0,0,0,0,0,0,0,1,0,0,0,3,,std,3,sGARCH,FCX,2002
1,0,0,0,0,0,1,2,2,2,0,0,0,0,0,0,1,0,0,0,3,,std,3,gjrGARCH,FDS,2002
1,0,1,0,0,0,1,1,1,0,0,0,0,0,0,0,1,0,0,0,3,,std,3,sGARCH,FDX,2002
1,0,0,0,0,0,1,1,1,1,0,0,0,0,0,1,1,0,0,0,4,,sstd,4,gjrGARCH,FE,2002
1,0,0,0,0,0,1,1,1,0,0,0,0,0,0,0,1,0,0,0,3,,std,3,sGARCH,FFIV,2002
1,0,0,0,0,0,1,1,1,0,0,0,0,0,0,0,1,0,0,0,3,,std,3,sGARCH,FI,2002
1,3,0,0,0,0,1,1,1,0,0,0,0,0,0,0,1,0,0,0,3,,std,3,sGARCH,FICO,2002
1,2,3,0,0,0,1,1,1,0,0,0,0,0,0,0,1,0,0,0,3,,std,3,sGARCH,FIS,2002
1,0,0,0,0,0,1,1,1,0,0,0,0,0,0,0,1,0,0,0,3,,std,3,sGARCH,FITB,2002
1,1,0,0,0,0,1,1,1,0,0,0,0,0,0,0,1,0,0,0,3,,std,3,sGARCH,FMC,2002
1,0,1,0,0,0,1,1,1,0,0,0,0,0,0,0,1,0,0,0,3,,std,3,sGARCH,FRT,2002
1,0,0,0,0,0,1,1,1,0,0,0,0,0,0,0,1,0,0,0,3,,std,3,sGARCH,GD,2002
1,0,0,0,0,0,1,1,1,0,0,0,0,0,0,0,1,0,0,0,3,,std,3,sGARCH,GE,2002
1,1,1,0,0,0,1,1,1,0,0,0,0,0,0,0,1,0,0,0,3,,std,3,sGARCH,GEN,2002
1,1,2,0,0,0,1,1,2,0,0,0,0,0,0,1,1,0,0,0,4,,sstd,4,sGARCH,GILD,2002
1,0,0,0,0,0,1,1,2,0,0,0,0,0,0,1,1,0,0,0,4,,sstd,4,sGARCH,GIS,2002
1,0,0,0,0,0,1,1,1,0,0,0,0,0,0,0,1,0,0,0,3,,std,3,sGARCH,GL,2002
1,0,0,0,0,0,1,1,1,0,0,0,0,0,0,0,1,0,0,0,3,,std,3,sGARCH,GLW,2002
1,0,0,0,0,0,1,2,1,0,0,0,0,0,0,0,1,0,0,0,3,,std,3,sGARCH,GPC,2002
1,0,0,0,0,0,1,1,1,0,0,0,0,0,0,0,1,0,0,0,3,,std,3,sGARCH,GPN,2002
1,0,0,0,0,0,1,1,1,0,0,0,0,0,0,0,1,0,0,0,3,,std,3,sGARCH,GRMN,2002
1,0,0,0,0,0,1,1,1,0,0,0,0,0,0,0,1,0,0,0,3,,std,3,sGARCH,GS,2002
1,0,0,0,0,0,1,2,1,0,0,0,0,0,0,0,1,0,0,0,3,,std,3,sGARCH,GWW,2002
1,4,2,0,0,0,1,1,1,0,0,0,0,0,0,0,1,0,0,0,3,,std,3,sGARCH,HAL,2002
1,0,0,0,0,0,1,2,2,0,0,0,0,0,0,0,1,0,0,0,3,,std,3,sGARCH,HAS,2002
1,0,0,0,0,0,1,1,1,0,0,0,0,0,0,0,1,0,0,0,3,,std,3,sGARCH,HBAN,2002
1,0,0,0,0,0,1,1,1,0,0,0,0,0,0,0,1,0,0,0,3,,std,3,sGARCH,HD,2002
1,0,0,0,0,0,1,1,1,0,0,0,0,0,0,0,1,0,0,0,3,,std,3,sGARCH,HES,2002
1,0,0,0,0,0,1,2,2,0,0,0,0,0,0,0,1,0,0,0,3,,std,3,sGARCH,HIG,2002
1,1,1,0,0,0,1,1,1,0,0,0,0,0,0,0,1,0,0,0,3,,std,3,sGARCH,HOLX,2002
1,1,1,0,0,0,1,1,1,0,0,0,0,0,0,0,1,0,0,0,3,,std,3,sGARCH,HON,2002
1,0,0,0,0,0,1,1,1,0,0,0,0,0,0,0,1,0,0,0,3,,std,3,sGARCH,HPQ,2002
1,0,1,0,0,0,1,1,1,0,0,0,0,0,0,0,1,0,0,0,3,,std,3,sGARCH,HRL,2002
1,0,0,0,0,0,1,1,1,0,0,0,0,0,0,0,1,0,0,0,3,,std,3,sGARCH,HSIC,2002
1,0,0,0,0,0,1,1,1,0,0,0,0,0,0,0,1,0,0,0,3,,std,3,sGARCH,HST,2002
1,0,0,0,0,0,1,1,2,0,0,0,0,0,0,0,1,0,0,0,3,,std,3,sGARCH,HSY,2002
1,0,0,0,0,0,1,1,1,0,0,0,0,0,0,0,1,0,0,0,3,,std,3,sGARCH,HUM,2002
1,0,0,0,0,0,1,1,1,0,0,0,0,0,0,0,1,0,0,0,3,,std,3,sGARCH,HWM,2002
1,0,0,0,0,0,1,1,1,0,0,0,0,0,0,0,1,0,0,0,3,,std,3,sGARCH,IBM,2002
1,0,0,0,0,0,1,1,1,0,0,0,0,0,0,0,1,0,0,0,3,,std,3,sGARCH,IDXX,2002
1,0,1,0,0,0,1,1,1,0,0,0,0,0,0,0,1,0,0,0,3,,std,3,sGARCH,IEX,2002
1,0,1,0,0,0,1,1,1,0,0,0,0,0,0,0,1,0,0,0,3,,std,3,sGARCH,IFF,2002
1,0,1,0,0,0,1,1,2,0,0,0,0,0,0,0,1,0,0,0,3,,std,3,sGARCH,ILMN,2002
1,0,1,0,0,0,1,1,1,0,0,0,0,0,0,0,1,0,0,0,3,,std,3,sGARCH,INCY,2002
1,3,0,0,0,0,1,1,1,0,0,0,0,0,0,0,1,0,0,0,3,,std,3,sGARCH,INTC,2002
1,0,0,0,0,0,1,1,1,0,0,0,0,0,0,0,1,0,0,0,3,,std,3,sGARCH,INTU,2002
1,0,0,0,0,0,1,1,1,0,0,0,0,0,0,0,1,0,0,0,3,,std,3,sGARCH,IP,2002
1,1,2,0,0,0,1,1,1,0,0,0,0,0,0,0,1,0,0,0,3,,std,3,sGARCH,IPG,2002
1,2,3,0,0,0,1,1,1,0,0,0,0,0,0,1,1,0,0,0,4,,sstd,4,sGARCH,IRM,2002
1,1,1,0,0,0,1,1,1,0,0,0,0,0,0,0,1,0,0,0,3,,std,3,sGARCH,ISRG,2002
1,1,0,0,0,0,1,1,1,0,0,0,0,0,0,0,1,0,0,0,3,,std,3,sGARCH,IT,2002
1,0,1,0,0,0,1,1,1,0,0,0,0,0,0,0,1,0,0,0,3,,std,3,sGARCH,ITW,2002
1,0,0,0,0,0,1,1,1,0,0,0,0,0,0,0,1,0,0,0,3,,std,3,sGARCH,IVZ,2002
1,0,0,0,0,0,1,1,1,1,0,0,0,0,0,0,1,0,0,0,3,,std,3,gjrGARCH,J,2002
1,4,0,0,0,0,1,1,1,0,0,0,0,0,0,0,1,0,0,0,3,,std,3,sGARCH,JBHT,2002
1,0,0,0,0,0,1,1,1,0,0,0,0,0,0,0,1,0,0,0,3,,std,3,sGARCH,JCI,2002
1,0,0,0,0,0,1,1,1,0,0,0,0,0,0,0,1,0,0,0,3,,std,3,sGARCH,JKHY,2002
1,0,0,0,0,0,1,1,1,0,0,0,0,0,0,0,1,0,0,0,3,,std,3,sGARCH,JNJ,2002
1,1,0,0,0,0,1,1,1,0,0,0,0,0,0,0,1,0,0,0,3,,std,3,sGARCH,JNPR,2002
1,0,0,0,0,0,1,1,1,0,0,0,0,0,0,0,1,0,0,0,3,,std,3,sGARCH,JPM,2002
1,0,2,0,0,0,1,1,1,1,0,0,0,0,0,0,1,0,0,0,3,,std,3,gjrGARCH,K,2002
1,0,0,0,0,0,1,1,1,0,0,0,0,0,0,0,1,0,0,0,3,,std,3,sGARCH,KEY,2002
1,2,2,0,0,0,1,1,1,0,0,0,0,0,0,0,1,0,0,0,3,,std,3,sGARCH,KIM,2002
1,1,0,0,0,0,1,2,2,0,0,0,0,0,0,0,1,0,0,0,3,,std,3,sGARCH,KLAC,2002
1,1,1,0,0,0,1,1,1,0,0,0,0,0,0,0,1,0,0,0,3,,std,3,sGARCH,KMB,2002
1,0,0,0,0,0,1,1,1,0,0,0,0,0,0,0,1,0,0,0,3,,std,3,sGARCH,KMX,2002
1,0,0,0,0,0,1,1,1,0,0,0,0,0,0,0,1,0,0,0,3,,std,3,sGARCH,KO,2002
1,0,0,0,0,0,1,1,1,0,0,0,0,0,0,1,1,0,0,0,4,,sstd,4,sGARCH,KR,2002
1,0,0,0,0,0,1,1,1,0,0,0,0,0,0,0,1,0,0,0,3,,std,3,sGARCH,L,2002
1,0,0,0,0,0,1,1,1,0,0,0,0,0,0,0,1,0,0,0,3,,std,3,sGARCH,LEN,2002
1,0,0,0,0,0,1,1,1,0,0,0,0,0,0,0,1,0,0,0,3,,std,3,sGARCH,LH,2002
1,1,1,0,0,0,1,1,1,0,0,0,0,0,0,0,1,0,0,0,3,,std,3,sGARCH,LHX,2002
1,0,0,0,0,0,1,1,1,0,0,0,0,0,0,0,1,0,0,0,3,,std,3,sGARCH,LLY,2002
1,0,0,0,0,0,1,1,1,0,0,0,0,0,0,0,1,0,0,0,3,,std,3,sGARCH,LMT,2002
1,1,3,0,0,0,1,2,1,2,0,0,0,0,0,0,1,0,0,0,3,,std,3,gjrGARCH,LNT,2002
1,0,0,0,0,0,1,1,1,0,0,0,0,0,0,0,1,0,0,0,3,,std,3,sGARCH,LOW,2002
1,0,0,0,0,0,1,1,1,0,0,0,0,0,0,0,1,0,0,0,3,,std,3,sGARCH,LRCX,2002
1,0,0,0,0,0,1,1,1,0,0,0,0,0,0,0,1,0,0,0,3,,std,3,sGARCH,LUV,2002
1,0,0,0,0,0,1,2,1,0,0,0,0,0,0,0,1,0,0,0,3,,std,3,sGARCH,MAA,2002
1,0,0,0,0,0,1,1,1,0,0,0,0,0,0,0,1,0,0,0,3,,std,3,sGARCH,MAR,2002
1,0,0,0,0,0,1,1,1,0,0,0,0,0,0,0,1,0,0,0,3,,std,3,sGARCH,MAS,2002
1,0,0,0,0,0,1,1,1,0,1,1,0,0,0,0,1,0,0,0,3,,std,3,csGARCH,MCD,2002
1,0,1,0,0,0,1,1,1,0,0,0,0,0,0,0,1,0,0,0,3,,std,3,sGARCH,MCHP,2002
1,0,0,0,0,0,1,1,1,0,0,0,0,0,0,0,1,0,0,0,3,,std,3,sGARCH,MCK,2002
1,0,0,0,0,0,1,1,2,0,0,0,0,0,0,0,1,0,0,0,3,,std,3,sGARCH,MCO,2002
1,0,0,0,0,0,1,2,2,0,0,0,0,0,0,0,1,0,0,0,3,,std,3,sGARCH,MDLZ,2002
1,0,0,0,0,0,1,1,1,0,0,0,0,0,0,0,1,0,0,0,3,,std,3,sGARCH,MDT,2002
1,0,0,0,0,0,1,1,1,0,0,0,0,0,0,0,1,0,0,0,3,,std,3,sGARCH,MET,2002
1,0,0,0,0,0,1,1,1,0,0,0,0,0,0,0,1,0,0,0,3,,std,3,sGARCH,MGM,2002
1,1,1,0,0,0,1,1,1,0,0,0,0,0,0,0,1,0,0,0,3,,std,3,sGARCH,MHK,2002
1,0,1,0,0,0,1,1,1,0,0,0,0,0,0,0,1,0,0,0,3,,std,3,sGARCH,MKC,2002
1,0,0,0,0,0,1,1,1,0,0,0,0,0,0,0,1,0,0,0,3,,std,3,sGARCH,MLM,2002
1,0,0,0,0,0,1,1,1,0,0,0,0,0,0,0,1,0,0,0,3,,std,3,sGARCH,MMC,2002
1,0,0,0,0,0,1,1,2,0,0,0,0,0,0,0,1,0,0,0,3,,std,3,sGARCH,MMM,2002
1,2,1,0,0,0,1,1,1,0,0,0,0,0,0,0,1,0,0,0,3,,std,3,sGARCH,MNST,2002
1,0,0,0,0,0,1,1,1,0,0,0,0,0,0,0,1,0,0,0,3,,std,3,sGARCH,MO,2002
1,0,0,0,0,0,1,1,1,0,0,0,0,0,0,0,1,0,0,0,3,,std,3,sGARCH,MOS,2002
1,0,0,0,0,0,1,1,1,0,0,0,0,0,0,0,1,0,0,0,3,,std,3,sGARCH,MRK,2002
1,0,0,0,0,0,1,1,1,1,0,0,0,0,0,1,1,0,0,0,4,,sstd,4,gjrGARCH,MRO,2002
1,0,0,0,0,0,1,1,1,0,0,0,0,0,0,0,1,0,0,0,3,,std,3,sGARCH,MS,2002
1,0,1,0,0,0,1,1,2,0,0,0,0,0,0,0,1,0,0,0,3,,std,3,sGARCH,MSFT,2002
1,0,0,0,0,0,1,1,1,0,0,0,0,0,0,0,1,0,0,0,3,,std,3,sGARCH,MSI,2002
1,2,3,0,0,0,1,1,1,0,0,0,0,0,0,0,1,0,0,0,3,,std,3,sGARCH,MTB,2002
1,0,0,0,0,0,1,1,1,0,0,0,0,0,0,0,1,0,0,0,3,,std,3,sGARCH,MTD,2002
1,3,0,0,0,0,1,1,1,0,0,0,0,0,0,1,1,0,0,0,4,,sstd,4,sGARCH,MU,2002
1,2,2,0,0,0,1,1,1,0,0,0,0,0,0,0,1,0,0,0,3,,std,3,sGARCH,NDSN,2002
1,0,0,0,0,0,1,1,1,0,0,0,0,0,0,0,1,0,0,0,3,,std,3,sGARCH,NEE,2002
1,0,1,0,0,0,1,1,1,0,0,0,0,0,0,0,1,0,0,0,3,,std,3,sGARCH,NEM,2002
1,0,0,0,0,0,1,1,2,0,0,0,0,0,0,0,1,0,0,0,3,,std,3,sGARCH,NI,2002
1,0,0,0,0,0,1,1,1,0,0,0,0,0,0,0,1,0,0,0,3,,std,3,sGARCH,NKE,2002
1,0,0,0,0,0,1,1,1,0,0,0,0,0,0,0,1,0,0,0,3,,std,3,sGARCH,NOC,2002
1,0,1,0,0,0,1,1,1,0,0,0,0,0,0,0,1,0,0,0,3,,std,3,sGARCH,NSC,2002
1,2,0,0,0,0,1,1,1,0,0,0,0,0,0,0,1,0,0,0,3,,std,3,sGARCH,NTAP,2002
1,0,0,0,0,0,1,1,1,0,0,0,0,0,0,0,1,0,0,0,3,,std,3,sGARCH,NTRS,2002
1,0,0,0,0,0,1,1,1,0,0,0,0,0,0,0,1,0,0,0,3,,std,3,sGARCH,NUE,2002
1,0,0,0,0,0,1,1,1,0,0,0,0,0,0,0,1,0,0,0,3,,std,3,sGARCH,NVDA,2002
1,0,0,0,0,0,1,2,1,0,0,0,0,0,0,0,1,0,0,0,3,,std,3,sGARCH,NVR,2002
1,3,3,0,0,0,1,1,1,0,0,0,0,0,0,0,1,0,0,0,3,,std,3,sGARCH,O,2002
1,1,0,0,0,0,1,1,1,0,0,0,0,0,0,0,1,0,0,0,3,,std,3,sGARCH,ODFL,2002
1,2,2,0,0,0,1,1,1,0,0,0,0,0,0,0,1,0,0,0,3,,std,3,sGARCH,OKE,2002
1,0,0,0,0,0,1,1,1,0,0,0,0,0,0,0,1,0,0,0,3,,std,3,sGARCH,OMC,2002
1,3,1,0,0,0,1,1,1,0,0,0,0,0,0,0,1,0,0,0,3,,std,3,sGARCH,ON,2002
1,0,0,0,0,0,1,2,1,2,0,0,0,0,0,0,1,0,0,0,3,,std,3,gjrGARCH,ORCL,2002
1,1,1,0,0,0,1,1,1,0,0,0,0,0,0,1,1,0,0,0,4,,sstd,4,sGARCH,ORLY,2002
1,0,0,0,0,0,1,1,1,0,0,0,0,0,0,0,1,0,0,0,3,,std,3,sGARCH,OXY,2002
1,0,0,0,0,0,1,1,1,0,0,0,0,0,0,0,1,0,0,0,3,,std,3,sGARCH,PAYX,2002
1,0,1,0,0,0,1,1,1,0,0,0,0,0,0,0,1,0,0,0,3,,std,3,sGARCH,PCAR,2002
1,0,1,0,0,0,1,1,2,0,0,0,0,0,0,0,1,0,0,0,3,,std,3,sGARCH,PCG,2002
1,0,0,0,0,0,1,1,1,0,0,0,0,0,0,0,1,0,0,0,3,,std,3,sGARCH,PEAK,2002
1,1,0,0,0,0,1,1,1,0,0,0,0,0,0,0,1,0,0,0,3,,std,3,sGARCH,PEG,2002
1,0,0,0,0,0,1,1,1,0,0,0,0,0,0,0,1,0,0,0,3,,std,3,sGARCH,PEP,2002
1,0,0,0,0,0,1,1,1,0,0,0,0,0,0,0,1,0,0,0,3,,std,3,sGARCH,PFE,2002
1,1,1,0,0,0,1,1,1,0,0,0,0,0,0,0,1,0,0,0,3,,std,3,sGARCH,PFG,2002
1,2,2,0,0,0,1,1,1,0,0,0,0,0,0,0,1,0,0,0,3,,std,3,sGARCH,PG,2002
1,0,0,0,0,0,1,1,1,0,0,0,0,0,0,0,1,0,0,0,3,,std,3,sGARCH,PGR,2002
1,1,1,0,0,0,1,1,1,0,0,0,0,0,0,0,1,0,0,0,3,,std,3,sGARCH,PH,2002
1,0,0,0,0,0,1,1,1,0,0,0,0,0,0,0,1,0,0,0,3,,std,3,sGARCH,PHM,2002
1,1,1,0,0,0,1,1,1,0,0,0,0,0,0,0,1,0,0,0,3,,std,3,sGARCH,PKG,2002
1,0,2,0,0,0,1,1,1,0,0,0,0,0,0,0,1,0,0,0,3,,std,3,sGARCH,PLD,2002
1,0,0,0,0,0,1,1,1,0,0,0,0,0,0,0,1,0,0,0,3,,std,3,sGARCH,PNC,2002
1,0,0,0,0,0,1,1,1,0,0,0,0,0,0,0,1,0,0,0,3,,std,3,sGARCH,PNR,2002
1,0,0,0,0,0,1,1,2,1,0,0,0,0,0,0,1,0,0,0,3,,std,3,gjrGARCH,PNW,2002
1,0,0,0,0,0,1,1,1,0,0,0,0,0,0,0,1,0,0,0,3,,std,3,sGARCH,POOL,2002
1,0,1,0,0,0,1,2,1,2,0,0,0,0,0,0,1,0,0,0,3,,std,3,gjrGARCH,PPG,2002
1,0,0,0,0,0,1,1,1,0,0,0,0,0,0,0,1,0,0,0,3,,std,3,sGARCH,PPL,2002
1,2,1,0,0,0,1,2,1,0,0,0,0,0,0,0,1,0,0,0,3,,std,3,sGARCH,PRU,2002
1,2,2,0,0,0,1,1,1,0,0,0,0,0,0,0,1,0,0,0,3,,std,3,sGARCH,PSA,2002
1,0,2,0,0,0,1,1,1,0,0,0,0,0,0,0,1,0,0,0,3,,std,3,sGARCH,PTC,2002
1,0,0,0,0,0,1,1,1,0,0,0,0,0,0,0,1,0,0,0,3,,std,3,sGARCH,PWR,2002
1,0,0,0,0,0,1,2,1,0,0,0,0,0,0,0,1,0,0,0,3,,std,3,sGARCH,PXD,2002
1,0,0,0,0,0,1,1,1,0,0,0,0,0,0,0,1,0,0,0,3,,std,3,sGARCH,QCOM,2002
1,0,0,0,0,0,1,1,2,0,0,0,0,0,0,0,1,0,0,0,3,,std,3,sGARCH,RCL,2002
1,0,5,0,0,0,1,1,1,0,0,0,0,0,0,0,1,0,0,0,3,,std,3,sGARCH,REG,2002
1,0,0,0,0,0,1,1,1,0,0,0,0,0,0,0,1,0,0,0,3,,std,3,sGARCH,REGN,2002
1,2,2,0,0,0,1,1,1,0,0,0,0,0,0,0,1,0,0,0,3,,std,3,sGARCH,RF,2002
1,0,0,0,0,0,1,1,1,0,0,0,0,0,0,0,1,0,0,0,3,,std,3,sGARCH,RHI,2002
1,0,0,0,0,0,1,2,2,0,0,0,0,0,0,0,1,0,0,0,3,,std,3,sGARCH,RJF,2002
1,0,1,0,0,0,1,1,1,0,0,0,0,0,0,0,1,0,0,0,3,,std,3,sGARCH,RL,2002
1,0,0,0,0,0,1,2,1,2,0,0,0,0,0,0,1,0,0,0,3,,std,3,gjrGARCH,RMD,2002
1,0,0,0,0,0,1,2,1,0,0,0,0,0,0,0,1,0,0,0,3,,std,3,sGARCH,ROK,2002
1,0,1,0,0,0,1,1,1,0,0,0,0,0,0,0,1,0,0,0,3,,std,3,sGARCH,ROL,2002
1,0,0,0,0,0,1,1,1,0,0,0,0,0,0,0,1,0,0,0,3,,std,3,sGARCH,ROP,2002
1,0,0,0,0,0,1,1,1,0,0,0,0,0,0,0,1,0,0,0,3,,std,3,sGARCH,ROST,2002
1,0,0,0,0,0,1,1,2,1,0,0,0,0,0,1,1,0,0,0,4,,sstd,4,gjrGARCH,RSG,2002
1,0,0,0,0,0,1,1,1,0,0,0,0,0,0,0,1,0,0,0,3,,std,3,sGARCH,RTX,2002
1,0,0,0,0,0,1,1,1,0,0,0,0,0,0,0,1,0,0,0,3,,std,3,sGARCH,RVTY,2002
1,1,1,0,0,0,1,1,1,0,0,0,0,0,0,0,1,0,0,0,3,,std,3,sGARCH,SBAC,2002
1,3,0,0,0,0,1,1,1,0,0,0,0,0,0,0,1,0,0,0,3,,std,3,sGARCH,SBUX,2002
1,0,0,0,0,0,1,1,1,0,0,0,0,0,0,0,1,0,0,0,3,,std,3,sGARCH,SCHW,2002
1,1,1,0,0,0,1,1,1,0,1,1,0,0,0,0,1,0,0,0,3,,std,3,csGARCH,SEE,2002
1,0,0,0,0,0,1,1,1,0,0,0,0,0,0,0,1,0,0,0,3,,std,3,sGARCH,SHW,2002
1,0,0,0,0,0,1,1,1,0,0,0,0,0,0,0,1,0,0,0,3,,std,3,sGARCH,SJM,2002
1,0,0,0,0,0,1,1,1,0,0,0,0,0,0,0,1,0,0,0,3,,std,3,sGARCH,SLB,2002
1,0,0,0,0,0,1,2,1,0,0,0,0,0,0,1,1,0,0,0,4,,sstd,4,sGARCH,SNA,2002
1,0,0,0,0,0,1,1,1,0,0,0,0,0,0,1,1,0,0,0,4,,sstd,4,sGARCH,SNPS,2002
1,0,1,0,0,0,1,1,1,0,0,0,0,0,0,0,1,0,0,0,3,,std,3,sGARCH,SO,2002
1,4,0,0,0,0,1,1,1,0,0,0,0,0,0,0,1,0,0,0,3,,std,3,sGARCH,SPG,2002
1,0,0,0,0,0,1,2,1,0,0,0,0,0,0,0,1,0,0,0,3,,std,3,sGARCH,SPGI,2002
1,0,0,0,0,0,1,1,1,1,0,0,0,0,0,0,1,0,0,0,3,,std,3,gjrGARCH,SRE,2002
1,0,0,0,0,0,1,1,1,1,0,0,0,0,0,0,1,0,0,0,3,,std,3,gjrGARCH,STE,2002
1,0,0,0,0,0,1,1,2,0,0,0,0,0,0,0,1,0,0,0,3,,std,3,sGARCH,STLD,2002
1,0,0,0,0,0,1,1,1,0,0,0,0,0,0,1,1,0,0,0,4,,sstd,4,sGARCH,STT,2002
1,0,0,0,0,0,1,2,1,0,0,0,0,0,0,0,1,0,0,0,3,,std,3,sGARCH,STZ,2002
1,0,0,0,0,0,1,1,1,0,0,0,0,0,0,0,1,0,0,0,3,,std,3,sGARCH,SWK,2002
1,0,0,0,0,0,1,1,1,0,0,0,0,0,0,0,1,0,0,0,3,,std,3,sGARCH,SWKS,2002
1,2,1,0,0,0,1,1,1,0,0,0,0,0,0,0,1,0,0,0,3,,std,3,sGARCH,SYK,2002
1,0,0,0,0,0,1,1,1,0,0,0,0,0,0,0,1,0,0,0,3,,std,3,sGARCH,SYY,2002
1,0,0,0,0,0,1,1,1,0,0,0,0,0,0,0,1,0,0,0,3,,std,3,sGARCH,T,2002
1,0,0,0,0,0,1,1,1,0,0,0,0,0,0,0,1,0,0,0,3,,std,3,sGARCH,TAP,2002
1,0,1,0,0,0,1,1,1,0,0,0,0,0,0,0,1,0,0,0,3,,std,3,sGARCH,TDY,2002
1,1,0,0,0,0,1,2,2,2,0,0,0,0,0,1,1,0,0,0,4,,sstd,4,gjrGARCH,TECH,2002
1,0,0,0,0,0,1,2,2,0,0,0,0,0,0,0,1,0,0,0,3,,std,3,sGARCH,TER,2002
1,0,0,0,0,0,1,1,1,1,0,0,0,0,0,1,1,0,0,0,4,,sstd,4,gjrGARCH,TFC,2002
1,0,0,0,0,0,1,1,1,0,0,0,0,0,0,0,1,0,0,0,3,,std,3,sGARCH,TFX,2002
1,0,0,0,0,0,1,1,1,0,0,0,0,0,0,0,1,0,0,0,3,,std,3,sGARCH,TGT,2002
1,0,0,0,0,0,1,1,1,0,0,0,0,0,0,0,1,0,0,0,3,,std,3,sGARCH,TJX,2002
1,0,1,0,0,0,1,2,1,0,0,0,0,0,0,0,1,0,0,0,3,,std,3,sGARCH,TMO,2002
1,0,0,0,0,0,1,1,2,0,0,0,0,0,0,0,1,0,0,0,3,,std,3,sGARCH,TPR,2002
1,0,0,0,0,0,1,1,1,0,0,0,0,0,0,0,1,0,0,0,3,,std,3,sGARCH,TRMB,2002
1,0,0,0,0,0,1,1,1,0,0,0,0,0,0,0,1,0,0,0,3,,std,3,sGARCH,TROW,2002
1,1,1,0,0,0,1,1,1,0,0,0,0,0,0,0,1,0,0,0,3,,std,3,sGARCH,TRV,2002
1,0,0,0,0,0,1,2,1,0,0,0,0,0,0,0,1,0,0,0,3,,std,3,sGARCH,TSCO,2002
1,0,0,0,0,0,1,1,1,0,0,0,0,0,0,0,1,0,0,0,3,,std,3,sGARCH,TSN,2002
1,0,0,0,0,0,1,1,1,0,0,0,0,0,0,0,1,0,0,0,3,,std,3,sGARCH,TT,2002
1,0,0,0,0,0,1,1,1,0,1,1,0,0,0,0,1,0,0,0,3,,std,3,csGARCH,TTWO,2002
1,0,0,0,0,0,1,2,1,0,0,0,0,0,0,0,1,0,0,0,3,,std,3,sGARCH,TXN,2002
1,1,0,0,0,0,1,1,1,0,0,0,0,0,0,0,1,0,0,0,3,,std,3,sGARCH,TXT,2002
1,1,0,0,0,0,1,1,2,0,0,0,0,0,0,0,1,0,0,0,3,,std,3,sGARCH,TYL,2002
1,0,0,0,0,0,1,1,1,0,0,0,0,0,0,0,1,0,0,0,3,,std,3,sGARCH,UDR,2002
1,0,0,0,0,0,1,1,1,1,0,0,0,0,0,0,1,0,0,0,3,,std,3,gjrGARCH,UHS,2002
1,0,0,0,0,0,1,1,1,0,0,0,0,0,0,0,1,0,0,0,3,,std,3,sGARCH,UNH,2002
1,0,1,0,0,0,1,1,1,0,0,0,0,0,0,0,1,0,0,0,3,,std,3,sGARCH,UNP,2002
1,2,1,0,0,0,1,1,1,0,0,0,0,0,0,0,1,0,0,0,3,,std,3,sGARCH,UPS,2002
1,0,0,0,0,0,1,1,1,0,0,0,0,0,0,0,1,0,0,0,3,,std,3,sGARCH,URI,2002
1,0,0,0,0,0,1,1,1,0,0,0,0,0,0,0,1,0,0,0,3,,std,3,sGARCH,USB,2002
1,0,0,0,0,0,1,1,1,0,0,0,0,0,0,0,1,0,0,0,3,,std,3,sGARCH,VFC,2002
1,0,0,0,0,0,1,1,1,0,0,0,0,0,0,0,1,0,0,0,3,,std,3,sGARCH,VLO,2002
1,0,2,0,0,0,1,1,1,0,0,0,0,0,0,0,1,0,0,0,3,,std,3,sGARCH,VMC,2002
1,0,0,0,0,0,1,1,1,0,0,0,0,0,0,0,1,0,0,0,3,,std,3,sGARCH,VRSN,2002
1,0,0,0,0,0,1,1,1,0,0,0,0,0,0,0,1,0,0,0,3,,std,3,sGARCH,VRTX,2002
1,2,4,0,0,0,1,2,1,2,0,0,0,0,0,0,1,0,0,0,3,,std,3,gjrGARCH,VTR,2002
1,0,0,0,0,0,1,1,1,0,0,0,0,0,0,0,1,0,0,0,3,,std,3,sGARCH,VZ,2002
1,0,1,0,0,0,1,1,1,1,0,0,0,0,0,1,1,0,0,0,4,,sstd,4,gjrGARCH,WAB,2002
1,0,0,0,0,0,1,1,1,0,0,0,0,0,0,0,1,0,0,0,3,,std,3,sGARCH,WAT,2002
1,2,0,0,0,0,1,1,1,0,0,0,0,0,0,0,1,0,0,0,3,,std,3,sGARCH,WBA,2002
1,0,0,0,0,0,1,1,1,0,0,0,0,0,0,0,1,0,0,0,3,,std,3,sGARCH,WDC,2002
1,1,3,0,0,0,1,1,1,0,0,0,0,0,0,0,1,0,0,0,3,,std,3,sGARCH,WEC,2002
1,4,0,0,0,0,1,1,1,0,0,0,0,0,0,0,1,0,0,0,3,,std,3,sGARCH,WELL,2002
1,0,0,0,0,0,1,1,2,0,0,0,0,0,0,0,1,0,0,0,3,,std,3,sGARCH,WFC,2002
1,0,0,0,0,0,1,1,1,0,0,0,0,0,0,0,1,0,0,0,3,,std,3,sGARCH,WHR,2002
1,0,0,0,0,0,1,1,1,0,0,0,0,0,0,0,1,0,0,0,3,,std,3,sGARCH,WM,2002
1,0,1,0,0,0,1,1,2,0,1,1,0,0,0,1,1,0,0,0,4,,sstd,4,csGARCH,WMB,2002
1,0,0,0,0,0,1,1,1,0,0,0,0,0,0,0,1,0,0,0,3,,std,3,sGARCH,WMT,2002
1,0,0,0,0,0,1,1,1,0,0,0,0,0,0,0,1,0,0,0,3,,std,3,sGARCH,WRB,2002
1,0,0,0,0,0,1,1,1,0,0,0,0,0,0,0,1,0,0,0,3,,std,3,sGARCH,WST,2002
1,0,0,0,0,0,1,1,1,0,0,0,0,0,0,0,1,0,0,0,3,,std,3,sGARCH,WY,2002
1,0,0,0,0,0,1,1,1,0,0,0,0,0,0,0,1,0,0,0,3,,std,3,sGARCH,XEL,2002
1,0,0,0,0,0,1,1,1,0,0,0,0,0,0,0,1,0,0,0,3,,std,3,sGARCH,XOM,2002
1,0,0,0,0,0,1,1,1,0,0,0,0,0,0,0,1,0,0,0,3,,std,3,sGARCH,XRAY,2002
1,0,0,0,0,0,1,1,1,0,0,0,0,0,0,0,1,0,0,0,3,,std,3,sGARCH,YUM,2002
1,0,0,0,0,0,1,1,1,0,0,0,0,0,0,0,1,0,0,0,3,,std,3,sGARCH,ZBH,2002
1,0,0,0,0,0,1,1,1,0,0,0,0,0,0,0,1,0,0,0,3,,std,3,sGARCH,ZBRA,2002
1,0,2,0,0,0,1,1,1,0,0,0,0,0,0,0,1,0,0,0,3,,std,3,sGARCH,ZION,2002
