mu,ar,ma,arfima,archm,mxreg,omega,alpha,beta,gamma,eta1,eta2,delta,lambda,vxreg,skew,shape,ghlambda,xi,aux,aux,aux,distribution,distno,vmodel,tick
1,0,0,0,0,0,1,1,1,0,0,0,0,0,0,0,1,0,0,0,3,,std,3,sGARCH,AAPL
1,6,5,0,0,0,1,1,1,0,0,0,0,0,0,0,1,0,0,0,3,,std,3,sGARCH,ABC
1,0,0,0,0,0,1,1,1,0,0,0,0,0,0,1,1,0,0,0,4,,sstd,4,sGARCH,ABMD
1,4,4,0,0,0,1,1,2,1,0,0,0,0,0,0,1,0,0,0,3,,std,3,gjrGARCH,ABT
1,4,2,0,0,0,1,1,1,1,0,0,0,0,0,0,1,0,0,0,3,,std,3,gjrGARCH,ADBE
1,2,0,0,0,0,1,1,1,1,0,0,0,0,0,0,1,0,0,0,3,,std,3,gjrGARCH,ADI
1,2,2,0,0,0,1,1,1,0,0,0,0,0,0,0,1,0,0,0,3,,std,3,sGARCH,ADM
1,0,2,0,0,0,1,2,2,2,0,0,0,0,0,1,1,0,0,0,4,,sstd,4,gjrGARCH,ADP
1,1,3,0,0,0,1,1,1,1,0,0,0,0,0,1,1,0,0,0,4,,sstd,4,gjrGARCH,ADSK
1,4,1,0,0,0,1,1,1,0,0,0,0,0,0,0,1,0,0,0,3,,std,3,sGARCH,AEE
1,4,4,0,0,0,1,1,1,1,0,0,0,0,0,0,1,0,0,0,3,,std,3,gjrGARCH,AEP
1,2,3,0,0,0,1,1,1,1,0,0,0,0,0,0,1,0,0,0,3,,std,3,gjrGARCH,AES
1,2,4,0,0,0,1,1,1,0,0,0,0,0,0,1,1,0,0,0,4,,sstd,4,sGARCH,AFL
1,0,0,0,0,0,1,1,1,0,0,0,0,0,0,0,1,0,0,0,3,,std,3,sGARCH,AIG
1,4,2,0,0,0,1,1,1,0,0,0,0,0,0,0,1,0,0,0,3,,std,3,sGARCH,AJG
1,3,1,0,0,0,1,1,1,0,0,0,0,0,0,1,1,0,0,0,4,,sstd,4,sGARCH,AKAM
1,2,2,0,0,0,1,1,1,0,0,0,0,0,0,0,1,0,0,0,3,,std,3,sGARCH,ALB
1,2,4,0,0,0,1,1,1,1,0,0,0,0,0,1,1,0,0,0,4,,sstd,4,gjrGARCH,ALL
1,0,0,0,0,0,1,1,1,1,0,0,0,0,0,0,1,0,0,0,3,,std,3,gjrGARCH,ALXN
1,1,4,0,0,0,1,1,1,0,0,0,0,0,0,0,1,0,0,0,3,,std,3,sGARCH,AMAT
1,3,1,0,0,0,1,1,1,0,0,0,0,0,0,0,1,0,0,0,3,,std,3,sGARCH,AMD
1,3,5,0,0,0,1,1,1,0,0,0,0,0,0,0,1,0,0,0,3,,std,3,sGARCH,AME
1,2,2,0,0,0,1,1,1,0,0,0,0,0,0,0,1,0,0,0,3,,std,3,sGARCH,AMGN
1,0,5,0,0,0,1,1,1,0,0,0,0,0,0,0,1,0,0,0,3,,std,3,sGARCH,AMT
1,2,2,0,0,0,1,1,1,0,0,0,0,0,0,0,1,0,0,0,3,,std,3,sGARCH,AMZN
1,4,2,0,0,0,1,1,1,1,0,0,0,0,0,1,1,0,0,0,4,,sstd,4,gjrGARCH,ANSS
1,2,2,0,0,0,1,1,1,1,0,0,0,0,0,0,1,0,0,0,3,,std,3,gjrGARCH,AON
1,0,0,0,0,0,1,1,1,0,0,0,0,0,0,0,1,0,0,0,3,,std,3,sGARCH,AOS
1,1,1,0,0,0,1,1,1,1,0,0,0,0,0,1,1,0,0,0,4,,sstd,4,gjrGARCH,APA
1,4,1,0,0,0,1,1,1,0,0,0,0,0,0,0,1,0,0,0,3,,std,3,sGARCH,APD
1,2,4,0,0,0,1,1,1,1,0,0,0,0,0,1,1,0,0,0,4,,sstd,4,gjrGARCH,APH
1,2,2,0,0,0,1,1,1,1,0,0,0,0,0,1,1,0,0,0,4,,sstd,4,gjrGARCH,ARE
1,4,1,0,0,0,1,1,1,0,0,0,0,0,0,1,1,0,0,0,4,,sstd,4,sGARCH,ATO
1,1,2,0,0,0,1,1,1,0,0,0,0,0,0,1,1,0,0,0,4,,sstd,4,sGARCH,ATVI
1,0,4,0,0,0,1,1,1,1,0,0,0,0,0,1,1,0,0,0,4,,sstd,4,gjrGARCH,AVB
1,4,1,0,0,0,1,1,1,0,0,0,0,0,0,0,1,0,0,0,3,,std,3,sGARCH,AVY
1,2,2,0,0,0,1,1,1,1,0,0,0,0,0,0,1,0,0,0,3,,std,3,gjrGARCH,AXP
1,2,2,0,0,0,1,2,1,0,0,0,0,0,0,0,1,0,0,0,3,,std,3,sGARCH,AZO
1,0,2,0,0,0,1,1,1,0,0,0,0,0,0,0,1,0,0,0,3,,std,3,sGARCH,BA
1,2,2,0,0,0,1,1,1,1,0,0,0,0,0,0,1,0,0,0,3,,std,3,gjrGARCH,BAC
1,2,1,0,0,0,1,1,1,0,0,0,0,0,0,0,1,0,0,0,3,,std,3,sGARCH,BAX
1,0,0,0,0,0,1,1,1,1,0,0,0,0,0,0,1,0,0,0,3,,std,3,gjrGARCH,BBY
1,4,1,0,0,0,1,1,1,0,0,0,0,0,0,1,1,0,0,0,4,,sstd,4,sGARCH,BDX
1,0,0,0,0,0,1,1,1,0,0,0,0,0,0,0,1,0,0,0,3,,std,3,sGARCH,BEN
1,3,1,0,0,0,1,1,1,1,0,0,0,0,0,0,1,0,0,0,3,,std,3,gjrGARCH,BIIB
1,1,1,0,0,0,1,1,1,1,0,0,0,0,0,0,1,0,0,0,3,,std,3,gjrGARCH,BIO
1,2,0,0,0,0,1,1,2,0,0,0,0,0,0,1,1,0,0,0,4,,sstd,4,sGARCH,BK
1,0,0,0,0,0,1,1,1,0,0,0,0,0,0,0,1,0,0,0,3,,std,3,sGARCH,BKNG
1,3,4,0,0,0,1,1,1,1,0,0,0,0,0,1,1,0,0,0,4,,sstd,4,gjrGARCH,BLK
1,4,1,0,0,0,1,1,1,0,0,0,0,0,0,0,1,0,0,0,3,,std,3,sGARCH,BLL
1,2,2,0,0,0,1,1,1,0,0,0,0,0,0,0,1,0,0,0,3,,std,3,sGARCH,BMY
1,2,4,0,0,0,1,1,1,1,0,0,0,0,0,1,1,0,0,0,4,,sstd,4,gjrGARCH,BSX
1,2,2,0,0,0,1,1,1,1,0,0,0,0,0,1,1,0,0,0,4,,sstd,4,gjrGARCH,BWA
1,2,2,0,0,0,1,1,1,0,0,0,0,0,0,0,1,0,0,0,3,,std,3,sGARCH,BXP
1,4,1,0,0,0,1,1,1,1,0,0,0,0,0,0,1,0,0,0,3,,std,3,gjrGARCH,C
1,0,0,0,0,0,1,1,1,1,0,0,0,0,0,0,1,0,0,0,3,,std,3,gjrGARCH,CAG
1,2,3,0,0,0,1,1,1,0,0,0,0,0,0,0,1,0,0,0,3,,std,3,sGARCH,CAH
1,3,2,0,0,0,1,1,1,0,0,0,0,0,0,0,1,0,0,0,3,,std,3,sGARCH,CAT
1,4,1,0,0,0,1,1,1,0,0,0,0,0,0,0,1,0,0,0,3,,std,3,sGARCH,CB
1,4,1,0,0,0,1,1,1,0,0,0,0,0,0,0,1,0,0,0,3,,std,3,sGARCH,CCI
1,0,0,0,0,0,1,1,1,0,1,1,0,0,0,0,1,0,0,0,3,,std,3,csGARCH,CCL
1,3,2,0,0,0,1,1,1,0,0,0,0,0,0,1,1,0,0,0,4,,sstd,4,sGARCH,CDNS
1,2,2,0,0,0,1,1,1,0,0,0,0,0,0,0,1,0,0,0,3,,std,3,sGARCH,CERN
1,0,4,0,0,0,1,1,1,0,0,0,0,0,0,0,1,0,0,0,3,,std,3,sGARCH,CHD
1,3,1,0,0,0,1,1,1,0,0,0,0,0,0,0,1,0,0,0,3,,std,3,sGARCH,CHRW
1,3,2,0,0,0,1,1,1,0,0,0,0,0,0,0,1,0,0,0,3,,std,3,sGARCH,CI
1,0,2,0,0,0,1,1,1,0,0,0,0,0,0,0,1,0,0,0,3,,std,3,sGARCH,CINF
1,2,2,0,0,0,1,1,1,1,0,0,0,0,0,0,1,0,0,0,3,,std,3,gjrGARCH,CL
1,3,1,0,0,0,1,1,1,0,0,0,0,0,0,0,1,0,0,0,3,,std,3,sGARCH,CLX
1,4,1,0,0,0,1,1,1,1,0,0,0,0,0,0,1,0,0,0,3,,std,3,gjrGARCH,CMA
1,0,4,0,0,0,1,1,1,1,0,0,0,0,0,0,1,0,0,0,3,,std,3,gjrGARCH,CMCSA
1,2,2,0,0,0,1,1,1,1,0,0,0,0,0,0,1,0,0,0,3,,std,3,gjrGARCH,CMI
1,4,4,0,0,0,1,2,1,0,0,0,0,0,0,1,1,0,0,0,4,,sstd,4,sGARCH,CMS
1,2,2,0,0,0,1,1,1,0,0,0,0,0,0,1,1,0,0,0,4,,sstd,4,sGARCH,CNP
1,0,4,0,0,0,1,1,1,0,0,0,0,0,0,0,1,0,0,0,3,,std,3,sGARCH,COF
1,1,0,0,0,0,1,1,1,0,0,0,0,0,0,0,1,0,0,0,3,,std,3,sGARCH,COG
1,3,2,0,0,0,1,1,1,0,0,0,0,0,0,1,1,0,0,0,4,,sstd,4,sGARCH,COO
1,2,3,0,0,0,1,1,1,0,0,0,0,0,0,0,1,0,0,0,3,,std,3,sGARCH,COP
1,4,1,0,0,0,1,1,1,0,1,1,0,0,0,1,1,0,0,0,4,,sstd,4,csGARCH,COST
1,2,4,0,0,0,1,1,1,0,0,0,0,0,0,0,1,0,0,0,3,,std,3,sGARCH,CPB
1,2,2,0,0,0,1,1,1,1,0,0,0,0,0,0,1,0,0,0,3,,std,3,gjrGARCH,CPRT
1,3,0,0,0,0,1,1,1,0,0,0,0,0,0,1,1,0,0,0,4,,sstd,4,sGARCH,CSCO
1,2,3,0,0,0,1,2,1,0,0,0,0,0,0,0,1,0,0,0,3,,std,3,sGARCH,CSX
1,2,3,0,0,0,1,1,1,1,0,0,0,0,0,0,1,0,0,0,3,,std,3,gjrGARCH,CTAS
1,4,1,0,0,0,1,1,1,0,1,1,0,0,0,0,1,0,0,0,3,,std,3,csGARCH,CTSH
1,5,5,0,0,0,1,1,1,0,1,1,0,0,0,0,1,0,0,0,3,,std,3,csGARCH,CTXS
1,0,2,0,0,0,1,1,1,0,0,0,0,0,0,0,1,0,0,0,3,,std,3,sGARCH,CVS
1,2,3,0,0,0,1,1,1,1,0,0,0,0,0,0,1,0,0,0,3,,std,3,gjrGARCH,CVX
1,4,4,0,0,0,1,1,2,0,0,0,0,0,0,1,1,0,0,0,4,,sstd,4,sGARCH,D
1,0,0,0,0,0,1,1,1,0,0,0,0,0,0,0,1,0,0,0,3,,std,3,sGARCH,DD
1,2,3,0,0,0,1,1,1,0,0,0,0,0,0,0,1,0,0,0,3,,std,3,sGARCH,DE
1,0,2,0,0,0,1,1,1,0,0,0,0,0,0,0,1,0,0,0,3,,std,3,sGARCH,DGX
1,2,3,0,0,0,1,1,1,1,0,0,0,0,0,0,1,0,0,0,3,,std,3,gjrGARCH,DHI
1,4,4,0,0,0,1,1,1,0,0,0,0,0,0,0,1,0,0,0,3,,std,3,sGARCH,DHR
1,1,0,0,0,0,1,1,1,1,0,0,0,0,0,0,1,0,0,0,3,,std,3,gjrGARCH,DIS
1,1,3,0,0,0,1,1,1,0,0,0,0,0,0,0,1,0,0,0,3,,std,3,sGARCH,DISH
1,2,2,0,0,0,1,1,1,0,0,0,0,0,0,0,1,0,0,0,3,,std,3,sGARCH,DLTR
1,5,1,0,0,0,1,1,1,1,0,0,0,0,0,0,1,0,0,0,3,,std,3,gjrGARCH,DOV
1,9,3,0,0,0,1,1,2,0,0,0,0,0,0,1,1,0,0,0,4,,sstd,4,sGARCH,DRE
1,4,3,0,0,0,1,1,1,1,0,0,0,0,0,0,1,0,0,0,3,,std,3,gjrGARCH,DRI
1,0,2,0,0,0,1,1,1,0,0,0,0,0,0,0,1,0,0,0,3,,std,3,sGARCH,DTE
1,4,1,0,0,0,1,1,1,0,0,0,0,0,0,0,1,0,0,0,3,,std,3,sGARCH,DUK
1,0,0,0,0,0,1,1,1,1,0,0,0,0,0,0,1,0,0,0,3,,std,3,gjrGARCH,DVA
1,0,0,0,0,0,1,1,1,0,0,0,0,0,0,0,1,0,0,0,3,,std,3,sGARCH,DVN
1,1,2,0,0,0,1,1,1,0,0,0,0,0,0,0,1,0,0,0,3,,std,3,sGARCH,EA
1,1,2,0,0,0,1,1,1,0,0,0,0,0,0,0,1,0,0,0,3,,std,3,sGARCH,EBAY
1,2,2,0,0,0,1,1,1,0,0,0,0,0,0,0,1,0,0,0,3,,std,3,sGARCH,ECL
1,2,5,0,0,0,1,1,1,0,0,0,0,0,0,1,1,0,0,0,4,,sstd,4,sGARCH,ED
1,0,0,0,0,0,1,1,1,0,0,0,0,0,0,0,1,0,0,0,3,,std,3,sGARCH,EFX
1,0,0,0,0,0,1,1,1,0,0,0,0,0,0,0,1,0,0,0,3,,std,3,sGARCH,EIX
1,3,3,0,0,0,1,1,1,1,0,0,0,0,0,0,1,0,0,0,3,,std,3,gjrGARCH,EL
1,0,0,0,0,0,1,1,1,0,0,0,0,0,0,0,1,0,0,0,3,,std,3,sGARCH,EMN
1,0,1,0,0,0,1,1,1,0,0,0,0,0,0,0,1,0,0,0,3,,std,3,sGARCH,EMR
1,0,0,0,0,0,1,1,1,0,0,0,0,0,0,0,1,0,0,0,3,,std,3,sGARCH,EOG
1,2,2,0,0,0,1,1,1,1,0,0,0,0,0,0,1,0,0,0,3,,std,3,gjrGARCH,EQR
1,5,4,0,0,0,1,1,1,1,0,0,0,0,0,0,1,0,0,0,3,,std,3,gjrGARCH,ES
1,1,4,0,0,0,1,1,1,1,0,0,0,0,0,1,1,0,0,0,4,,sstd,4,gjrGARCH,ESS
1,0,1,0,0,0,1,1,1,1,0,0,0,0,0,0,1,0,0,0,3,,std,3,gjrGARCH,ETN
1,2,2,0,0,0,1,1,1,1,0,0,0,0,0,0,1,0,0,0,3,,std,3,gjrGARCH,ETR
1,4,1,0,0,0,1,1,1,0,0,0,0,0,0,0,1,0,0,0,3,,std,3,sGARCH,EXC
1,0,1,0,0,0,1,1,1,0,0,0,0,0,0,1,1,0,0,0,4,,sstd,4,sGARCH,EXPD
1,0,0,0,0,0,1,1,1,0,0,0,0,0,0,0,1,0,0,0,3,,std,3,sGARCH,F
1,0,0,0,0,0,1,2,1,0,0,0,0,0,0,0,1,0,0,0,3,,std,3,sGARCH,FAST
1,2,3,0,0,0,1,1,1,1,0,0,0,0,0,0,1,0,0,0,3,,std,3,gjrGARCH,FCX
1,0,2,0,0,0,1,1,1,0,0,0,0,0,0,0,1,0,0,0,3,,std,3,sGARCH,FDX
1,2,2,0,0,0,1,1,1,0,0,0,0,0,0,1,1,0,0,0,4,,sstd,4,sGARCH,FE
1,0,0,0,0,0,1,1,1,0,0,0,0,0,0,1,1,0,0,0,4,,sstd,4,sGARCH,FFIV
1,6,4,0,0,0,1,1,1,1,0,0,0,0,0,1,1,0,0,0,4,,sstd,4,gjrGARCH,FISV
1,4,4,0,0,0,1,1,1,1,0,0,0,0,0,0,1,0,0,0,3,,std,3,gjrGARCH,FITB
1,0,0,0,0,0,1,1,1,0,0,0,0,0,0,0,1,0,0,0,3,,std,3,sGARCH,FLIR
1,2,2,0,0,0,1,1,1,0,0,0,0,0,0,1,1,0,0,0,4,,sstd,4,sGARCH,FLS
1,2,3,0,0,0,1,1,1,0,0,0,0,0,0,0,1,0,0,0,3,,std,3,sGARCH,FMC
1,2,2,0,0,0,1,1,1,1,0,0,0,0,0,0,1,0,0,0,3,,std,3,gjrGARCH,FRT
1,4,4,0,0,0,1,1,1,0,0,0,0,0,0,1,1,0,0,0,4,,sstd,4,sGARCH,GD
1,1,0,0,0,0,1,1,2,1,0,0,0,0,0,1,1,0,0,0,4,,sstd,4,gjrGARCH,GE
1,6,1,0,0,0,1,1,1,0,0,0,0,0,0,0,1,0,0,0,3,,std,3,sGARCH,GILD
1,4,2,0,0,0,1,1,1,0,0,0,0,0,0,1,1,0,0,0,4,,sstd,4,sGARCH,GIS
1,2,4,0,0,0,1,1,1,1,0,0,0,0,0,1,1,0,0,0,4,,sstd,4,gjrGARCH,GL
1,2,2,0,0,0,1,1,1,1,0,0,0,0,0,0,1,0,0,0,3,,std,3,gjrGARCH,GLW
1,4,2,0,0,0,1,2,1,2,0,0,0,0,0,0,1,0,0,0,3,,std,3,gjrGARCH,GPC
1,0,0,0,0,0,1,1,1,0,0,0,0,0,0,0,1,0,0,0,3,,std,3,sGARCH,GPS
1,2,0,0,0,0,1,1,1,1,0,0,0,0,0,0,1,0,0,0,3,,std,3,gjrGARCH,GS
1,3,4,0,0,0,1,1,1,0,0,0,0,0,0,0,1,0,0,0,3,,std,3,sGARCH,GWW
1,0,2,0,0,0,1,1,1,1,0,0,0,0,0,0,1,0,0,0,3,,std,3,gjrGARCH,HAL
1,0,0,0,0,0,1,1,1,0,0,0,0,0,0,0,1,0,0,0,3,,std,3,sGARCH,HAS
1,4,3,0,0,0,1,1,1,1,0,0,0,0,0,1,1,0,0,0,4,,sstd,4,gjrGARCH,HBAN
1,0,2,0,0,0,1,1,1,0,0,0,0,0,0,0,1,0,0,0,3,,std,3,sGARCH,HD
1,0,0,0,0,0,1,1,1,0,0,0,0,0,0,0,1,0,0,0,3,,std,3,sGARCH,HES
1,2,2,0,0,0,1,1,1,1,0,0,0,0,0,0,1,0,0,0,3,,std,3,gjrGARCH,HFC
1,0,3,0,0,0,1,1,1,0,1,1,0,0,0,1,1,0,0,0,4,,sstd,4,csGARCH,HIG
1,1,2,0,0,0,1,1,1,0,0,0,0,0,0,0,1,0,0,0,3,,std,3,sGARCH,HOLX
1,2,5,0,0,0,1,1,1,0,0,0,0,0,0,0,1,0,0,0,3,,std,3,sGARCH,HON
1,2,3,0,0,0,1,1,1,0,0,0,0,0,0,1,1,0,0,0,4,,sstd,4,sGARCH,HPQ
1,4,1,0,0,0,1,1,1,0,0,0,0,0,0,0,1,0,0,0,3,,std,3,sGARCH,HRL
1,0,0,0,0,0,1,1,1,0,0,0,0,0,0,0,1,0,0,0,3,,std,3,sGARCH,HSIC
1,2,3,0,0,0,1,1,1,1,0,0,0,0,0,0,1,0,0,0,3,,std,3,gjrGARCH,HST
1,1,2,0,0,0,1,1,1,1,0,0,0,0,0,0,1,0,0,0,3,,std,3,gjrGARCH,HSY
1,2,0,0,0,0,1,1,1,1,0,0,0,0,0,0,1,0,0,0,3,,std,3,gjrGARCH,HUM
1,1,3,0,0,0,1,1,1,0,0,0,0,0,0,0,1,0,0,0,3,,std,3,sGARCH,HWM
1,2,3,0,0,0,1,1,1,0,0,0,0,0,0,0,1,0,0,0,3,,std,3,sGARCH,IBM
1,6,3,0,0,0,1,1,1,0,0,0,0,0,0,0,1,0,0,0,3,,std,3,sGARCH,IDXX
1,2,3,0,0,0,1,1,1,1,0,0,0,0,0,1,1,0,0,0,4,,sstd,4,gjrGARCH,IEX
1,4,1,0,0,0,1,1,1,0,0,0,0,0,0,0,1,0,0,0,3,,std,3,sGARCH,IFF
1,2,4,0,0,0,1,1,1,0,0,0,0,0,0,0,1,0,0,0,3,,std,3,sGARCH,INCY
1,6,2,0,0,0,1,1,1,0,0,0,0,0,0,0,1,0,0,0,3,,std,3,sGARCH,INTC
1,4,5,0,0,0,1,1,1,1,0,0,0,0,0,1,1,0,0,0,4,,sstd,4,gjrGARCH,INTU
1,2,2,0,0,0,1,1,1,1,0,0,0,0,0,1,1,0,0,0,4,,sstd,4,gjrGARCH,IP
1,2,2,0,0,0,1,1,1,0,0,0,0,0,0,0,1,0,0,0,3,,std,3,sGARCH,IPG
1,0,3,0,0,0,1,1,1,0,0,0,0,0,0,0,1,0,0,0,3,,std,3,sGARCH,IRM
1,0,2,0,0,0,1,1,1,0,0,0,0,0,0,0,1,0,0,0,3,,std,3,sGARCH,IT
1,2,2,0,0,0,1,1,1,1,0,0,0,0,0,0,1,0,0,0,3,,std,3,gjrGARCH,ITW
1,2,2,0,0,0,1,1,1,0,0,0,0,0,0,1,1,0,0,0,4,,sstd,4,sGARCH,IVZ
1,2,1,0,0,0,1,1,1,0,0,0,0,0,0,0,1,0,0,0,3,,std,3,sGARCH,J
1,2,2,0,0,0,1,1,1,0,0,0,0,0,0,0,1,0,0,0,3,,std,3,sGARCH,JBHT
1,3,0,0,0,0,1,1,1,0,0,0,0,0,0,0,1,0,0,0,3,,std,3,sGARCH,JCI
1,0,0,0,0,0,1,1,1,0,0,0,0,0,0,1,1,0,0,0,4,,sstd,4,sGARCH,JKHY
1,2,2,0,0,0,1,1,1,0,0,0,0,0,0,0,1,0,0,0,3,,std,3,sGARCH,JNJ
1,0,0,0,0,0,1,1,1,0,0,0,0,0,0,1,1,0,0,0,4,,sstd,4,sGARCH,JNPR
1,2,2,0,0,0,1,1,1,1,0,0,0,0,0,0,1,0,0,0,3,,std,3,gjrGARCH,JPM
1,3,1,0,0,0,1,1,1,0,0,0,0,0,0,1,1,0,0,0,4,,sstd,4,sGARCH,K
1,2,2,0,0,0,1,1,1,0,0,0,0,0,0,1,1,0,0,0,4,,sstd,4,sGARCH,KEY
1,2,2,0,0,0,1,1,1,1,0,0,0,0,0,0,1,0,0,0,3,,std,3,gjrGARCH,KIM
1,2,2,0,0,0,1,1,1,0,0,0,0,0,0,0,1,0,0,0,3,,std,3,sGARCH,KLAC
1,6,2,0,0,0,1,1,1,0,0,0,0,0,0,0,1,0,0,0,3,,std,3,sGARCH,KMB
1,0,2,0,0,0,1,1,1,0,0,0,0,0,0,0,1,0,0,0,3,,std,3,sGARCH,KMX
1,2,4,0,0,0,1,1,1,0,0,0,0,0,0,0,1,0,0,0,3,,std,3,sGARCH,KO
1,0,0,0,0,0,1,1,1,0,0,0,0,0,0,0,1,0,0,0,3,,std,3,sGARCH,KR
1,4,4,0,0,0,1,1,1,0,0,0,0,0,0,0,1,0,0,0,3,,std,3,sGARCH,KSU
1,1,0,0,0,0,1,1,1,0,0,0,0,0,0,0,1,0,0,0,3,,std,3,sGARCH,L
1,0,0,0,0,0,1,2,1,2,0,0,0,0,0,0,1,0,0,0,3,,std,3,gjrGARCH,LB
1,2,3,0,0,0,1,1,1,1,0,0,0,0,0,1,1,0,0,0,4,,sstd,4,gjrGARCH,LEG
1,2,3,0,0,0,1,1,1,1,0,0,0,0,0,0,1,0,0,0,3,,std,3,gjrGARCH,LEN
1,0,2,0,0,0,1,1,1,0,0,0,0,0,0,0,1,0,0,0,3,,std,3,sGARCH,LH
1,4,1,0,0,0,1,1,1,1,0,0,0,0,0,0,1,0,0,0,3,,std,3,gjrGARCH,LHX
1,0,1,0,0,0,1,1,1,0,0,0,0,0,0,0,1,0,0,0,3,,std,3,sGARCH,LLY
1,3,5,0,0,0,1,1,1,1,0,0,0,0,0,0,1,0,0,0,3,,std,3,gjrGARCH,LMT
1,2,0,0,0,0,1,1,1,1,0,0,0,0,0,1,1,0,0,0,4,,sstd,4,gjrGARCH,LNC
1,4,1,0,0,0,1,1,1,0,0,0,0,0,0,0,1,0,0,0,3,,std,3,sGARCH,LNT
1,0,2,0,0,0,1,1,1,0,0,0,0,0,0,0,1,0,0,0,3,,std,3,sGARCH,LOW
1,4,5,0,0,0,1,1,1,1,0,0,0,0,0,0,1,0,0,0,3,,std,3,gjrGARCH,LRCX
1,0,1,0,0,0,1,1,1,0,0,0,0,0,0,0,1,0,0,0,3,,std,3,sGARCH,LUMN
1,0,4,0,0,0,1,1,1,0,0,0,0,0,0,0,1,0,0,0,3,,std,3,sGARCH,MAA
1,3,1,0,0,0,1,2,1,2,0,0,0,0,0,0,1,0,0,0,3,,std,3,gjrGARCH,MAR
1,1,1,0,0,0,1,1,1,1,0,0,0,0,0,0,1,0,0,0,3,,std,3,gjrGARCH,MAS
1,1,3,0,0,0,1,1,1,0,0,0,0,0,0,0,1,0,0,0,3,,std,3,sGARCH,MCD
1,6,1,0,0,0,1,1,1,1,0,0,0,0,0,0,1,0,0,0,3,,std,3,gjrGARCH,MCHP
1,2,4,0,0,0,1,1,1,0,0,0,0,0,0,0,1,0,0,0,3,,std,3,sGARCH,MCK
1,2,3,0,0,0,1,1,1,0,0,0,0,0,0,0,1,0,0,0,3,,std,3,sGARCH,MCO
1,3,2,0,0,0,1,1,1,0,0,0,0,0,0,0,1,0,0,0,3,,std,3,sGARCH,MDT
1,2,3,0,0,0,1,1,1,0,1,1,0,0,0,0,1,0,0,0,3,,std,3,csGARCH,MGM
1,0,4,0,0,0,1,1,1,0,0,0,0,0,0,0,1,0,0,0,3,,std,3,sGARCH,MHK
1,0,0,0,0,0,1,2,1,0,0,0,0,0,0,0,1,0,0,0,3,,std,3,sGARCH,MKC
1,3,2,0,0,0,1,1,1,1,0,0,0,0,0,0,1,0,0,0,3,,std,3,gjrGARCH,MLM
1,6,2,0,0,0,1,1,1,1,0,0,0,0,0,1,1,0,0,0,4,,sstd,4,gjrGARCH,MMC
1,3,0,0,0,0,1,1,1,0,0,0,0,0,0,0,1,0,0,0,3,,std,3,sGARCH,MMM
1,2,2,0,0,0,1,1,1,1,0,0,0,0,0,0,1,0,0,0,3,,std,3,gjrGARCH,MNST
1,0,0,0,0,0,1,1,1,0,0,0,0,0,0,1,1,0,0,0,4,,sstd,4,sGARCH,MO
1,0,0,0,0,0,1,1,1,0,0,0,0,0,0,0,1,0,0,0,3,,std,3,sGARCH,MOS
1,2,3,0,0,0,1,1,1,1,0,0,0,0,0,0,1,0,0,0,3,,std,3,gjrGARCH,MRK
1,0,0,0,0,0,1,1,1,0,0,0,0,0,0,0,1,0,0,0,3,,std,3,sGARCH,MRO
1,2,2,0,0,0,1,1,1,1,0,0,0,0,0,0,1,0,0,0,3,,std,3,gjrGARCH,MS
1,2,4,0,0,0,1,1,1,0,0,0,0,0,0,0,1,0,0,0,3,,std,3,sGARCH,MSFT
1,2,2,0,0,0,1,1,1,0,0,0,0,0,0,0,1,0,0,0,3,,std,3,sGARCH,MSI
1,4,1,0,0,0,1,1,1,1,0,0,0,0,0,0,1,0,0,0,3,,std,3,gjrGARCH,MTB
1,4,4,0,0,0,1,1,1,0,0,0,0,0,0,1,1,0,0,0,4,,sstd,4,sGARCH,MTD
1,2,3,0,0,0,1,1,1,1,0,0,0,0,0,0,1,0,0,0,3,,std,3,gjrGARCH,MU
1,2,2,0,0,0,1,1,1,1,0,0,0,0,0,0,1,0,0,0,3,,std,3,gjrGARCH,MXIM
1,0,0,0,0,0,1,1,1,0,0,0,0,0,0,0,1,0,0,0,3,,std,3,sGARCH,NEE
1,1,1,0,0,0,1,1,1,0,0,0,0,0,0,0,1,0,0,0,3,,std,3,sGARCH,NEM
1,2,2,0,0,0,1,1,1,0,0,0,0,0,0,1,1,0,0,0,4,,sstd,4,sGARCH,NI
1,0,0,0,0,0,1,1,1,1,0,0,0,0,0,0,1,0,0,0,3,,std,3,gjrGARCH,NKE
1,0,0,0,0,0,1,1,1,0,0,0,0,0,0,0,1,0,0,0,3,,std,3,sGARCH,NLOK
1,6,4,0,0,0,1,1,1,0,0,0,0,0,0,0,1,0,0,0,3,,std,3,sGARCH,NOC
1,2,0,0,0,0,1,1,1,0,0,0,0,0,0,0,1,0,0,0,3,,std,3,sGARCH,NOV
1,3,3,0,0,0,1,1,1,0,0,0,0,0,0,1,1,0,0,0,4,,sstd,4,sGARCH,NSC
1,2,2,0,0,0,1,2,1,0,0,0,0,0,0,1,1,0,0,0,4,,sstd,4,sGARCH,NTAP
1,2,2,0,0,0,1,1,1,0,0,0,0,0,0,0,1,0,0,0,3,,std,3,sGARCH,NTRS
1,2,2,0,0,0,1,1,1,1,0,0,0,0,0,0,1,0,0,0,3,,std,3,gjrGARCH,NUE
1,6,2,0,0,0,1,1,1,0,0,0,0,0,0,0,1,0,0,0,3,,std,3,sGARCH,NVDA
1,0,0,0,0,0,1,1,1,1,0,0,0,0,0,0,1,0,0,0,3,,std,3,gjrGARCH,NVR
1,2,2,0,0,0,1,1,2,0,0,0,0,0,0,0,1,0,0,0,3,,std,3,sGARCH,NWL
1,4,4,0,0,0,1,1,1,0,0,0,0,0,0,1,1,0,0,0,4,,sstd,4,sGARCH,O
1,4,5,0,0,0,1,1,1,0,0,0,0,0,0,1,1,0,0,0,4,,sstd,4,sGARCH,ODFL
1,0,0,0,0,0,1,1,1,0,0,0,0,0,0,0,1,0,0,0,3,,std,3,sGARCH,OKE
1,2,2,0,0,0,1,1,1,0,0,0,0,0,0,0,1,0,0,0,3,,std,3,sGARCH,OMC
1,2,3,0,0,0,1,1,1,0,0,0,0,0,0,0,1,0,0,0,3,,std,3,sGARCH,ORCL
1,0,3,0,0,0,1,1,1,1,0,0,0,0,0,0,1,0,0,0,3,,std,3,gjrGARCH,ORLY
1,0,0,0,0,0,1,1,1,0,0,0,0,0,0,0,1,0,0,0,3,,std,3,sGARCH,OXY
1,2,2,0,0,0,1,2,1,0,0,0,0,0,0,1,1,0,0,0,4,,sstd,4,sGARCH,PAYX
1,4,2,0,0,0,1,1,1,0,0,0,0,0,0,0,1,0,0,0,3,,std,3,sGARCH,PBCT
1,2,2,0,0,0,1,1,1,1,0,0,0,0,0,0,1,0,0,0,3,,std,3,gjrGARCH,PCAR
1,2,4,0,0,0,1,1,1,1,0,0,0,0,0,1,1,0,0,0,4,,sstd,4,gjrGARCH,PEAK
1,4,1,0,0,0,1,1,1,0,0,0,0,0,0,0,1,0,0,0,3,,std,3,sGARCH,PEG
1,2,2,0,0,0,1,1,1,0,0,0,0,0,0,0,1,0,0,0,3,,std,3,sGARCH,PEP
1,0,2,0,0,0,1,1,1,0,0,0,0,0,0,0,1,0,0,0,3,,std,3,sGARCH,PFE
1,3,4,0,0,0,1,1,1,1,0,0,0,0,0,1,1,0,0,0,4,,sstd,4,gjrGARCH,PG
1,2,4,0,0,0,1,1,1,0,0,0,0,0,0,0,1,0,0,0,3,,std,3,sGARCH,PGR
1,3,2,0,0,0,1,1,1,1,0,0,0,0,0,0,1,0,0,0,3,,std,3,gjrGARCH,PH
1,1,3,0,0,0,1,1,1,0,0,0,0,0,0,0,1,0,0,0,3,,std,3,sGARCH,PHM
1,5,3,0,0,0,1,2,1,0,1,1,0,0,0,1,1,0,0,0,4,,sstd,4,csGARCH,PKI
1,6,1,0,0,0,1,1,1,0,0,0,0,0,0,1,1,0,0,0,4,,sstd,4,sGARCH,PLD
1,2,2,0,0,0,1,1,1,1,0,0,0,0,0,0,1,0,0,0,3,,std,3,gjrGARCH,PNC
1,4,4,0,0,0,1,1,1,0,0,0,0,0,0,1,1,0,0,0,4,,sstd,4,sGARCH,PNR
1,5,3,0,0,0,1,2,2,0,0,0,0,0,0,0,1,0,0,0,3,,std,3,sGARCH,PNW
1,0,1,0,0,0,1,1,1,0,0,0,0,0,0,0,1,0,0,0,3,,std,3,sGARCH,POOL
1,4,4,0,0,0,1,1,2,1,0,0,0,0,0,1,1,0,0,0,4,,sstd,4,gjrGARCH,PPG
1,1,3,0,0,0,1,1,1,1,0,0,0,0,0,0,1,0,0,0,3,,std,3,gjrGARCH,PPL
1,0,0,0,0,0,1,1,1,0,0,0,0,0,0,0,1,0,0,0,3,,std,3,sGARCH,PRGO
1,2,0,0,0,0,1,1,1,0,0,0,0,0,0,0,1,0,0,0,3,,std,3,sGARCH,PSA
1,0,0,0,0,0,1,1,1,1,0,0,0,0,0,0,1,0,0,0,3,,std,3,gjrGARCH,PVH
1,0,0,0,0,0,1,1,1,0,0,0,0,0,0,0,1,0,0,0,3,,std,3,sGARCH,PWR
1,1,3,0,0,0,1,1,1,0,0,0,0,0,0,0,1,0,0,0,3,,std,3,sGARCH,PXD
1,0,2,0,0,0,1,1,1,1,0,0,0,0,0,0,1,0,0,0,3,,std,3,gjrGARCH,QCOM
1,3,3,0,0,0,1,1,1,1,0,0,0,0,0,0,1,0,0,0,3,,std,3,gjrGARCH,RCL
1,4,1,0,0,0,1,1,1,1,0,0,0,0,0,0,1,0,0,0,3,,std,3,gjrGARCH,RE
1,1,3,0,0,0,1,1,1,0,0,0,0,0,0,0,1,0,0,0,3,,std,3,sGARCH,REG
1,1,1,0,0,0,1,1,1,0,0,0,0,0,0,0,1,0,0,0,3,,std,3,sGARCH,REGN
1,2,4,0,0,0,1,2,2,0,1,1,0,0,0,1,1,0,0,0,4,,sstd,4,csGARCH,RF
1,2,2,0,0,0,1,1,1,1,0,0,0,0,0,0,1,0,0,0,3,,std,3,gjrGARCH,RHI
1,4,1,0,0,0,1,1,1,1,0,0,0,0,0,1,1,0,0,0,4,,sstd,4,gjrGARCH,RJF
1,0,0,0,0,0,1,1,1,1,0,0,0,0,0,0,1,0,0,0,3,,std,3,gjrGARCH,RL
1,1,1,0,0,0,1,2,1,2,0,0,0,0,0,1,1,0,0,0,4,,sstd,4,gjrGARCH,RMD
1,2,2,0,0,0,1,1,1,1,0,0,0,0,0,1,1,0,0,0,4,,sstd,4,gjrGARCH,ROK
1,0,1,0,0,0,1,1,1,1,0,0,0,0,0,1,1,0,0,0,4,,sstd,4,gjrGARCH,ROL
1,3,4,0,0,0,1,1,1,0,0,0,0,0,0,1,1,0,0,0,4,,sstd,4,sGARCH,ROP
1,2,3,0,0,0,1,1,1,1,0,0,0,0,0,1,1,0,0,0,4,,sstd,4,gjrGARCH,ROST
1,2,4,0,0,0,1,1,1,0,0,0,0,0,0,0,1,0,0,0,3,,std,3,sGARCH,RSG
1,2,2,0,0,0,1,1,1,0,0,0,0,0,0,0,1,0,0,0,3,,std,3,sGARCH,RTX
1,0,1,0,0,0,1,1,1,0,0,0,0,0,0,0,1,0,0,0,3,,std,3,sGARCH,SBAC
1,1,3,0,0,0,1,1,1,0,0,0,0,0,0,0,1,0,0,0,3,,std,3,sGARCH,SBUX
1,1,5,0,0,0,1,1,1,1,0,0,0,0,0,0,1,0,0,0,3,,std,3,gjrGARCH,SCHW
1,2,2,0,0,0,1,1,1,1,0,0,0,0,0,0,1,0,0,0,3,,std,3,gjrGARCH,SEE
1,5,3,0,0,0,1,1,1,0,0,0,0,0,0,0,1,0,0,0,3,,std,3,sGARCH,SHW
1,2,2,0,0,0,1,1,1,1,0,0,0,0,0,0,1,0,0,0,3,,std,3,gjrGARCH,SIVB
1,3,3,0,0,0,1,1,1,0,0,0,0,0,0,1,1,0,0,0,4,,sstd,4,sGARCH,SJM
1,0,0,0,0,0,1,1,1,0,0,0,0,0,0,0,1,0,0,0,3,,std,3,sGARCH,SLB
1,2,3,0,0,0,1,1,1,0,0,0,0,0,0,0,1,0,0,0,3,,std,3,sGARCH,SLG
1,4,1,0,0,0,1,1,1,0,0,0,0,0,0,0,1,0,0,0,3,,std,3,sGARCH,SNA
1,2,0,0,0,0,1,1,1,1,0,0,0,0,0,1,1,0,0,0,4,,sstd,4,gjrGARCH,SNPS
1,4,1,0,0,0,1,1,1,0,0,0,0,0,0,0,1,0,0,0,3,,std,3,sGARCH,SO
1,2,2,0,0,0,1,2,1,0,1,1,0,0,0,0,1,0,0,0,3,,std,3,csGARCH,SPG
1,4,1,0,0,0,1,1,1,0,0,0,0,0,0,0,1,0,0,0,3,,std,3,sGARCH,SRE
1,3,2,0,0,0,1,1,1,1,0,0,0,0,0,1,1,0,0,0,4,,sstd,4,gjrGARCH,STE
1,2,2,0,0,0,1,1,1,1,0,0,0,0,0,0,1,0,0,0,3,,std,3,gjrGARCH,STT
1,0,0,0,0,0,1,1,1,0,0,0,0,0,0,0,1,0,0,0,3,,std,3,sGARCH,STZ
1,2,4,0,0,0,1,1,1,0,0,0,0,0,0,1,1,0,0,0,4,,sstd,4,sGARCH,SWK
1,5,2,0,0,0,1,1,1,1,0,0,0,0,0,0,1,0,0,0,3,,std,3,gjrGARCH,SWKS
1,2,2,0,0,0,1,1,1,1,0,0,0,0,0,1,1,0,0,0,4,,sstd,4,gjrGARCH,SYK
1,0,2,0,0,0,1,1,1,0,0,0,0,0,0,0,1,0,0,0,3,,std,3,sGARCH,SYY
1,1,4,0,0,0,1,1,1,0,0,0,0,0,0,0,1,0,0,0,3,,std,3,sGARCH,T
1,3,2,0,0,0,1,1,1,0,0,0,0,0,0,0,1,0,0,0,3,,std,3,sGARCH,TAP
1,3,2,0,0,0,1,1,1,1,0,0,0,0,0,0,1,0,0,0,3,,std,3,gjrGARCH,TER
1,4,1,0,0,0,1,1,1,1,0,0,0,0,0,0,1,0,0,0,3,,std,3,gjrGARCH,TFC
1,2,2,0,0,0,1,1,1,0,0,0,0,0,0,0,1,0,0,0,3,,std,3,sGARCH,TFX
1,1,0,0,0,0,1,1,1,1,0,0,0,0,0,0,1,0,0,0,3,,std,3,gjrGARCH,TGT
1,2,3,0,0,0,1,1,1,1,0,0,0,0,0,0,1,0,0,0,3,,std,3,gjrGARCH,TJX
1,4,0,0,0,0,1,1,1,0,0,0,0,0,0,1,1,0,0,0,4,,sstd,4,sGARCH,TMO
1,4,2,0,0,0,1,1,1,1,0,0,0,0,0,1,1,0,0,0,4,,sstd,4,gjrGARCH,TRMB
1,4,0,0,0,0,1,1,1,1,0,0,0,0,0,0,1,0,0,0,3,,std,3,gjrGARCH,TROW
1,4,1,0,0,0,1,1,1,0,1,1,0,0,0,1,1,0,0,0,4,,sstd,4,csGARCH,TRV
1,2,2,0,0,0,1,1,1,1,0,0,0,0,0,0,1,0,0,0,3,,std,3,gjrGARCH,TSCO
1,2,2,0,0,0,1,1,1,1,0,0,0,0,0,0,1,0,0,0,3,,std,3,gjrGARCH,TSN
1,5,2,0,0,0,1,1,1,0,0,0,0,0,0,1,1,0,0,0,4,,sstd,4,sGARCH,TT
1,0,1,0,0,0,1,1,1,0,0,0,0,0,0,1,1,0,0,0,4,,sstd,4,sGARCH,TTWO
1,9,0,0,0,0,1,1,1,0,0,0,0,0,0,0,1,0,0,0,3,,std,3,sGARCH,TXN
1,0,0,0,0,0,1,1,1,0,0,0,0,0,0,0,1,0,0,0,3,,std,3,sGARCH,TXT
1,2,0,0,0,0,1,1,1,0,0,0,0,0,0,0,1,0,0,0,3,,std,3,sGARCH,TYL
1,4,0,0,0,0,1,1,1,1,0,0,0,0,0,1,1,0,0,0,4,,sstd,4,gjrGARCH,UDR
1,2,2,0,0,0,1,2,1,0,0,0,0,0,0,0,1,0,0,0,3,,std,3,sGARCH,UHS
1,4,4,0,0,0,1,1,1,1,0,0,0,0,0,0,1,0,0,0,3,,std,3,gjrGARCH,UNH
1,0,2,0,0,0,1,1,1,1,0,0,0,0,0,1,1,0,0,0,4,,sstd,4,gjrGARCH,UNM
1,7,0,0,0,0,1,1,1,1,0,0,0,0,0,0,1,0,0,0,3,,std,3,gjrGARCH,UNP
1,2,5,0,0,0,1,1,1,1,0,0,0,0,0,1,1,0,0,0,4,,sstd,4,gjrGARCH,URI
1,2,2,0,0,0,1,1,1,1,0,0,0,0,0,0,1,0,0,0,3,,std,3,gjrGARCH,USB
1,2,2,0,0,0,1,1,1,0,0,0,0,0,0,0,1,0,0,0,3,,std,3,sGARCH,VAR
1,4,4,0,0,0,1,1,1,0,0,0,0,0,0,0,1,0,0,0,3,,std,3,sGARCH,VFC
1,0,0,0,0,0,1,1,1,1,0,0,0,0,0,0,1,0,0,0,3,,std,3,gjrGARCH,VLO
1,2,2,0,0,0,1,1,1,1,0,0,0,0,0,0,1,0,0,0,3,,std,3,gjrGARCH,VMC
1,5,1,0,0,0,1,2,1,0,0,0,0,0,0,0,1,0,0,0,3,,std,3,sGARCH,VNO
1,5,3,0,0,0,1,1,1,1,0,0,0,0,0,1,1,0,0,0,4,,sstd,4,gjrGARCH,VRSN
1,2,2,0,0,0,1,2,1,0,0,0,0,0,0,1,1,0,0,0,4,,sstd,4,sGARCH,VRTX
1,1,2,0,0,0,1,1,1,0,0,0,0,0,0,0,1,0,0,0,3,,std,3,sGARCH,VTR
1,7,3,0,0,0,1,1,1,0,0,0,0,0,0,0,1,0,0,0,3,,std,3,sGARCH,VZ
1,2,2,0,0,0,1,1,1,0,0,0,0,0,0,0,1,0,0,0,3,,std,3,sGARCH,WAB
1,4,1,0,0,0,1,1,2,0,0,0,0,0,0,0,1,0,0,0,3,,std,3,sGARCH,WAT
1,1,1,0,0,0,1,1,1,0,0,0,0,0,0,0,1,0,0,0,3,,std,3,sGARCH,WBA
1,1,3,0,0,0,1,1,1,0,0,0,0,0,0,0,1,0,0,0,3,,std,3,sGARCH,WDC
1,6,4,0,0,0,1,1,1,0,0,0,0,0,0,0,1,0,0,0,3,,std,3,sGARCH,WEC
1,2,2,0,0,0,1,1,1,1,0,0,0,0,0,0,1,0,0,0,3,,std,3,gjrGARCH,WFC
1,2,2,0,0,0,1,1,1,1,0,0,0,0,0,0,1,0,0,0,3,,std,3,gjrGARCH,WHR
1,2,2,0,0,0,1,1,1,1,0,0,0,0,0,0,1,0,0,0,3,,std,3,gjrGARCH,WM
1,0,1,0,0,0,1,1,1,1,0,0,0,0,0,0,1,0,0,0,3,,std,3,gjrGARCH,WMB
1,2,2,0,0,0,1,1,2,0,0,0,0,0,0,0,1,0,0,0,3,,std,3,sGARCH,WMT
1,3,2,0,0,0,1,1,1,0,0,0,0,0,0,0,1,0,0,0,3,,std,3,sGARCH,WRB
1,6,1,0,0,0,1,1,1,0,0,0,0,0,0,0,1,0,0,0,3,,std,3,sGARCH,WST
1,1,4,0,0,0,1,1,1,0,0,0,0,0,0,0,1,0,0,0,3,,std,3,sGARCH,WY
1,4,4,0,0,0,1,1,1,0,0,0,0,0,0,0,1,0,0,0,3,,std,3,sGARCH,XEL
1,1,0,0,0,0,1,1,1,0,0,0,0,0,0,0,1,0,0,0,3,,std,3,sGARCH,XLNX
1,2,3,0,0,0,1,1,1,0,0,0,0,0,0,0,1,0,0,0,3,,std,3,sGARCH,XOM
1,0,0,0,0,0,1,2,2,2,0,0,0,0,0,1,1,0,0,0,4,,sstd,4,gjrGARCH,XRAY
1,2,2,0,0,0,1,1,1,1,0,0,0,0,0,0,1,0,0,0,3,,std,3,gjrGARCH,XRX
1,0,0,0,0,0,1,1,1,0,0,0,0,0,0,0,1,0,0,0,3,,std,3,sGARCH,YUM
1,2,0,0,0,0,1,1,1,1,0,0,0,0,0,0,1,0,0,0,3,,std,3,gjrGARCH,ZBRA
1,0,0,0,0,0,1,1,1,1,0,0,0,0,0,0,1,0,0,0,3,,std,3,gjrGARCH,ZION
1,2,2,0,0,0,1,1,2,1,0,0,0,0,0,0,1,0,0,0,3,,std,3,gjrGARCH,UPS
1,2,2,0,0,0,1,1,1,0,0,0,0,0,0,1,1,0,0,0,4,,sstd,4,sGARCH,A
1,4,5,0,0,0,1,1,1,1,0,0,0,0,0,0,1,0,0,0,3,,std,3,gjrGARCH,TDY
1,6,1,0,0,0,1,1,1,0,0,0,0,0,0,0,1,0,0,0,3,,std,3,sGARCH,PKG
1,0,0,0,0,0,1,1,1,0,0,0,0,0,0,0,1,0,0,0,3,,std,3,sGARCH,EW
1,4,1,0,0,0,1,1,1,1,0,0,0,0,0,1,1,0,0,0,4,,sstd,4,gjrGARCH,MET
1,3,1,0,0,0,1,1,1,0,0,0,0,0,0,0,1,0,0,0,3,,std,3,sGARCH,ISRG
1,4,4,0,0,0,1,1,1,0,0,0,0,0,0,1,1,0,0,0,4,,sstd,4,sGARCH,ILMN
1,2,2,0,0,0,1,1,1,1,0,0,0,0,0,0,1,0,0,0,3,,std,3,gjrGARCH,EQIX
1,4,2,0,0,0,1,1,1,0,0,0,0,0,0,0,1,0,0,0,3,,std,3,sGARCH,TPR
1,2,3,0,0,0,1,1,1,0,0,0,0,0,0,0,1,0,0,0,3,,std,3,sGARCH,GRMN
1,3,2,0,0,0,1,1,1,0,0,0,0,0,0,1,1,0,0,0,4,,sstd,4,sGARCH,ALK
1,3,2,0,0,0,1,1,1,1,0,0,0,0,0,0,1,0,0,0,3,,std,3,gjrGARCH,ANTM
1,2,2,0,0,0,1,2,1,0,0,0,0,0,0,0,1,0,0,0,3,,std,3,sGARCH,SPGI
1,1,2,0,0,0,1,1,1,1,0,0,0,0,0,0,1,0,0,0,3,,std,3,gjrGARCH,WELL
1,4,2,0,0,0,1,2,2,0,0,0,0,0,0,0,1,0,0,0,3,,std,3,sGARCH,GPN
1,0,0,0,0,0,1,1,1,1,0,0,0,0,0,0,1,0,0,0,3,,std,3,gjrGARCH,ALGN
1,2,2,0,0,0,1,1,1,1,0,0,0,0,0,0,1,0,0,0,3,,std,3,gjrGARCH,MDLZ
1,6,1,0,0,0,1,1,1,1,0,0,0,0,0,0,1,0,0,0,3,,std,3,gjrGARCH,FIS
1,7,3,0,0,0,1,1,1,0,0,0,0,0,0,1,1,0,0,0,4,,sstd,4,sGARCH,ACN
1,0,0,0,0,0,1,1,1,1,0,0,0,0,0,0,1,0,0,0,3,,std,3,gjrGARCH,ZBH
1,2,3,0,0,0,1,1,1,1,0,0,0,0,0,1,1,0,0,0,4,,sstd,4,gjrGARCH,PFG
1,0,3,0,0,0,1,1,1,0,0,0,0,0,0,0,1,0,0,0,3,,std,3,sGARCH,AAP
1,0,0,0,0,0,1,1,2,0,1,1,0,0,0,0,1,0,0,0,3,,std,3,csGARCH,CNC
1,2,3,0,0,0,1,1,1,1,0,0,0,0,0,1,1,0,0,0,4,,sstd,4,gjrGARCH,PRU
1,3,1,0,0,0,1,1,1,0,0,0,0,0,0,0,1,0,0,0,3,,std,3,sGARCH,NFLX
1,0,3,0,0,0,1,1,1,0,0,0,0,0,0,0,1,0,0,0,3,,std,3,sGARCH,NDAQ
1,0,2,0,0,0,1,1,1,1,0,0,0,0,0,0,1,0,0,0,3,,std,3,gjrGARCH,WYNN
1,3,2,0,0,0,1,1,2,0,0,0,0,0,0,1,1,0,0,0,4,,sstd,4,sGARCH,CME
1,4,0,0,0,0,1,1,1,0,0,0,0,0,0,0,1,0,0,0,3,,std,3,sGARCH,STX
1,0,0,0,0,0,1,1,1,1,0,0,0,0,0,0,1,0,0,0,3,,std,3,gjrGARCH,LKQ
1,2,2,0,0,0,1,1,1,0,0,0,0,0,0,1,1,0,0,0,4,,sstd,4,sGARCH,NRG
1,4,2,0,0,0,1,1,1,0,0,0,0,0,0,1,1,0,0,0,4,,sstd,4,sGARCH,AIZ
1,2,2,0,0,0,1,1,1,0,0,0,0,0,0,0,1,0,0,0,3,,std,3,sGARCH,CBRE
1,6,1,0,0,0,1,1,1,0,0,0,0,0,0,0,1,0,0,0,3,,std,3,sGARCH,CRM
1,1,0,0,0,0,1,1,1,0,0,0,0,0,0,0,1,0,0,0,3,,std,3,sGARCH,DPZ
1,0,0,0,0,0,1,1,1,0,0,0,0,0,0,0,1,0,0,0,3,,std,3,sGARCH,EXR
1,2,2,0,0,0,1,1,1,1,0,0,0,0,0,0,1,0,0,0,3,,std,3,gjrGARCH,GOOGL
1,3,4,0,0,0,1,1,2,0,0,0,0,0,0,1,1,0,0,0,4,,sstd,4,sGARCH,DLR
1,0,1,0,0,0,1,1,1,0,0,0,0,0,0,1,1,0,0,0,4,,sstd,4,sGARCH,MKTX
1,2,0,0,0,0,1,1,1,0,0,0,0,0,0,0,1,0,0,0,3,,std,3,sGARCH,MPWR
1,2,2,0,0,0,1,1,2,1,0,0,0,0,0,0,1,0,0,0,3,,std,3,gjrGARCH,LVS
1,2,3,0,0,0,1,1,1,1,0,0,0,0,0,0,1,0,0,0,3,,std,3,gjrGARCH,CE
1,4,0,0,0,0,1,1,1,1,0,0,0,0,0,0,1,0,0,0,3,,std,3,gjrGARCH,DXCM
1,1,0,0,0,0,1,1,1,1,0,0,0,0,0,0,1,0,0,0,3,,std,3,gjrGARCH,DISCA
1,0,2,0,0,0,1,1,1,0,0,0,0,0,0,0,1,0,0,0,3,,std,3,sGARCH,EXPE
1,2,5,0,0,0,1,1,1,0,0,0,0,0,0,0,1,0,0,0,3,,std,3,sGARCH,CF
1,2,2,0,0,0,1,1,1,1,0,0,0,0,0,1,1,0,0,0,4,,sstd,4,gjrGARCH,AMP
1,3,1,0,0,0,1,1,1,0,0,0,0,0,0,0,1,0,0,0,3,,std,3,sGARCH,AAL
1,3,2,0,0,0,1,1,1,1,0,0,0,0,0,1,1,0,0,0,4,,sstd,4,gjrGARCH,ICE
1,2,2,0,0,0,1,1,1,0,0,0,0,0,0,1,1,0,0,0,4,,sstd,4,sGARCH,UAA
1,2,2,0,0,0,1,1,1,1,0,0,0,0,0,0,1,0,0,0,3,,std,3,gjrGARCH,LYV
1,2,2,0,0,0,1,1,1,0,0,0,0,0,0,1,1,0,0,0,4,,sstd,4,sGARCH,VIAC
1,6,1,0,0,0,1,1,1,1,0,0,0,0,0,0,1,0,0,0,3,,std,3,gjrGARCH,CMG
1,4,4,0,0,0,1,1,2,0,0,0,0,0,0,1,1,0,0,0,4,,sstd,4,sGARCH,UAL
1,6,2,0,0,0,1,2,1,0,0,0,0,0,0,1,1,0,0,0,4,,sstd,4,sGARCH,TDG
1,4,5,0,0,0,1,1,1,1,0,0,0,0,0,1,1,0,0,0,4,,sstd,4,gjrGARCH,MA
1,2,2,0,0,0,1,1,1,0,0,0,0,0,0,0,1,0,0,0,3,,std,3,sGARCH,HBI
1,2,2,0,0,0,1,1,1,0,0,0,0,0,0,0,1,0,0,0,3,,std,3,sGARCH,WU
1,4,1,0,0,0,1,1,1,1,0,0,0,0,0,1,1,0,0,0,4,,sstd,4,gjrGARCH,LDOS
1,0,1,0,0,0,1,1,1,1,0,0,0,0,0,1,1,0,0,0,4,,sstd,4,gjrGARCH,IPGP
1,2,2,0,0,0,1,1,1,0,0,0,0,0,0,1,1,0,0,0,4,,sstd,4,sGARCH,BR
1,1,0,0,0,0,1,1,1,0,0,0,0,0,0,0,1,0,0,0,3,,std,3,sGARCH,TMUS
1,2,2,0,0,0,1,1,1,0,0,0,0,0,0,0,1,0,0,0,3,,std,3,sGARCH,DAL
1,4,1,0,0,0,1,1,1,0,0,0,0,0,0,0,1,0,0,0,3,,std,3,sGARCH,DFS
1,4,4,0,0,0,1,1,1,1,0,0,0,0,0,0,1,0,0,0,3,,std,3,gjrGARCH,TEL
1,2,2,0,0,0,1,1,1,0,0,0,0,0,0,0,1,0,0,0,3,,std,3,sGARCH,ULTA
1,4,4,0,0,0,1,1,1,0,0,0,0,0,0,0,1,0,0,0,3,,std,3,sGARCH,MSCI
1,0,2,0,0,0,1,1,1,0,0,0,0,0,0,0,1,0,0,0,3,,std,3,sGARCH,PM
1,2,2,0,0,0,1,1,1,0,0,0,0,0,0,1,1,0,0,0,4,,sstd,4,sGARCH,V
1,4,2,0,0,0,1,1,1,0,0,0,0,0,0,0,1,0,0,0,3,,std,3,sGARCH,AWK
1,0,0,0,0,0,1,1,1,1,0,0,0,0,0,0,1,0,0,0,3,,std,3,gjrGARCH,DISCK
1,4,4,0,0,0,1,1,1,0,0,0,0,0,0,1,1,0,0,0,4,,sstd,4,sGARCH,AVGO
1,2,4,0,0,0,1,1,1,1,0,0,0,0,0,1,1,0,0,0,4,,sstd,4,gjrGARCH,VRSK
1,0,1,0,0,0,1,1,1,0,0,0,0,0,0,0,1,0,0,0,3,,std,3,sGARCH,DG
1,3,1,0,0,0,1,1,1,0,0,0,0,0,0,0,1,0,0,0,3,,std,3,sGARCH,FTNT
1,3,0,0,0,0,1,1,1,1,0,0,0,0,0,0,1,0,0,0,3,,std,3,gjrGARCH,CHTR
1,6,1,0,0,0,1,1,1,1,0,0,0,0,0,0,1,0,0,0,3,,std,3,gjrGARCH,LYB
1,2,2,0,0,0,1,1,1,1,0,0,0,0,0,0,1,0,0,0,3,,std,3,gjrGARCH,CBOE
1,0,0,0,0,0,1,1,1,1,0,0,0,0,0,0,1,0,0,0,3,,std,3,gjrGARCH,TSLA
1,0,0,0,0,0,1,1,1,0,0,0,0,0,0,0,1,0,0,0,3,,std,3,sGARCH,GM
1,4,1,0,0,0,1,1,1,1,0,0,0,0,0,0,1,0,0,0,3,,std,3,gjrGARCH,FRC
1,0,0,0,0,0,1,1,1,1,0,0,0,0,0,0,1,0,0,0,3,,std,3,gjrGARCH,FLT
1,2,2,0,0,0,1,1,1,0,0,0,0,0,0,0,1,0,0,0,3,,std,3,sGARCH,NLSN
1,7,0,0,0,0,1,1,1,0,0,0,0,0,0,0,1,0,0,0,3,,std,3,sGARCH,KMI
1,0,0,0,0,0,1,1,1,0,0,0,0,0,0,0,1,0,0,0,3,,std,3,sGARCH,HCA
1,0,0,0,0,0,1,1,1,0,0,0,0,0,0,0,1,0,0,0,3,,std,3,sGARCH,HII
1,0,0,0,0,0,1,1,1,1,0,0,0,0,0,0,1,0,0,0,3,,std,3,gjrGARCH,MPC
1,4,1,0,0,0,1,1,1,1,0,0,0,0,0,0,1,0,0,0,3,,std,3,gjrGARCH,FBHS
1,4,4,0,0,0,1,1,1,0,0,0,0,0,0,0,1,0,0,0,3,,std,3,sGARCH,XYL
1,2,2,0,0,0,1,1,1,0,0,0,0,0,0,1,1,0,0,0,4,,sstd,4,sGARCH,APTV
1,0,0,0,0,0,1,2,1,0,0,0,0,0,0,0,1,0,0,0,3,,std,3,sGARCH,ENPH
1,2,2,0,0,0,1,1,1,1,0,0,0,0,0,0,1,0,0,0,3,,std,3,gjrGARCH,PSX
1,2,2,0,0,0,1,1,1,1,0,0,0,0,0,0,1,0,0,0,3,,std,3,gjrGARCH,FB
1,0,1,0,0,0,1,1,1,1,0,0,0,0,0,0,1,0,0,0,3,,std,3,gjrGARCH,NOW
1,0,0,0,0,0,1,1,1,0,0,0,0,0,0,0,1,0,0,0,3,,std,3,sGARCH,FANG
1,2,0,0,0,0,1,1,1,0,0,0,0,0,0,0,1,0,0,0,3,,std,3,sGARCH,ABBV
1,0,1,0,0,0,1,1,1,0,0,0,0,0,0,0,1,0,0,0,3,,std,3,sGARCH,NCLH
1,3,2,0,0,0,1,1,1,1,0,0,0,0,0,0,1,0,0,0,3,,std,3,gjrGARCH,ZTS
1,7,2,0,0,0,1,1,1,0,0,0,0,0,0,0,1,0,0,0,3,,std,3,sGARCH,IQV
1,2,3,0,0,0,1,1,2,0,0,0,0,0,0,1,1,0,0,0,4,,sstd,4,sGARCH,NWS
1,2,3,0,0,0,1,1,2,0,0,0,0,0,0,0,1,0,0,0,3,,std,3,sGARCH,NWSA
1,4,5,0,0,0,1,1,1,0,0,0,0,0,0,0,1,0,0,0,3,,std,3,sGARCH,CDW
1,0,2,0,0,0,1,2,1,2,0,0,0,0,0,0,1,0,0,0,3,,std,3,gjrGARCH,TWTR
1,4,2,0,0,0,1,2,1,0,0,0,0,0,0,0,1,0,0,0,3,,std,3,sGARCH,ALLE
1,2,2,0,0,0,1,1,1,1,0,0,0,0,0,0,1,0,0,0,3,,std,3,gjrGARCH,HLT
1,2,2,0,0,0,1,1,1,1,0,0,0,0,0,0,1,0,0,0,3,,std,3,gjrGARCH,GOOG
1,4,3,0,0,0,1,1,1,0,0,0,0,0,0,1,1,0,0,0,4,,sstd,4,sGARCH,PAYC
1,0,0,0,0,0,1,1,1,0,0,0,0,0,0,0,1,0,0,0,3,,std,3,sGARCH,ANET
1,2,5,0,0,0,1,1,1,0,0,0,0,0,0,0,1,0,0,0,3,,std,3,sGARCH,INFO
1,5,3,0,0,0,1,1,1,1,0,0,0,0,0,0,1,0,0,0,3,,std,3,gjrGARCH,CTLT
1,4,1,0,0,0,1,1,1,0,0,0,0,0,0,0,1,0,0,0,3,,std,3,sGARCH,SYF
1,2,2,0,0,0,1,1,1,1,0,0,0,0,0,0,1,0,0,0,3,,std,3,gjrGARCH,CFG
1,3,1,0,0,0,1,1,1,1,0,0,0,0,0,1,1,0,0,0,4,,sstd,4,gjrGARCH,KEYS
1,3,2,0,0,0,1,1,1,1,0,0,0,0,0,0,1,0,0,0,3,,std,3,gjrGARCH,QRVO
1,0,1,0,0,0,1,1,1,0,0,0,0,0,0,0,1,0,0,0,3,,std,3,sGARCH,ETSY
1,2,2,0,0,0,1,1,2,1,0,0,0,0,0,0,1,0,0,0,3,,std,3,gjrGARCH,WRK
1,0,2,0,0,0,1,1,1,0,0,0,0,0,0,0,1,0,0,0,3,,std,3,sGARCH,KHC
1,2,2,0,0,0,1,1,1,0,0,0,0,0,0,0,1,0,0,0,3,,std,3,sGARCH,PYPL
1,2,2,0,0,0,1,1,1,0,0,0,0,0,0,1,1,0,0,0,4,,sstd,4,sGARCH,HPE
1,2,2,0,0,0,1,1,1,0,0,0,0,0,0,0,1,0,0,0,3,,std,3,sGARCH,WLTW
1,2,2,0,0,0,1,1,1,0,0,0,0,0,0,1,1,0,0,0,4,,sstd,4,sGARCH,UA
1,5,2,0,0,0,1,1,1,0,0,0,0,0,0,0,1,0,0,0,3,,std,3,sGARCH,FTV
1,3,2,0,0,0,1,1,1,1,0,0,0,0,0,0,1,0,0,0,3,,std,3,gjrGARCH,LW
1,0,0,0,0,0,1,1,1,1,0,0,0,0,0,0,1,0,0,0,3,,std,3,gjrGARCH,DXC
1,2,3,0,0,0,1,1,1,1,0,0,0,0,0,0,1,0,0,0,3,,std,3,gjrGARCH,IR
1,0,0,0,0,0,1,1,1,0,0,0,0,0,0,0,1,0,0,0,3,,std,3,sGARCH,BKR
1,2,2,0,0,0,1,1,2,0,0,0,0,0,0,0,1,0,0,0,3,,std,3,sGARCH,EVRG
1,4,2,0,0,0,1,1,1,1,0,0,0,0,0,0,1,0,0,0,3,,std,3,gjrGARCH,LIN
